"Edad","Ingreso_Mensual","Antiguedad_Laboral","Calificacion"
40,4356,7,"Riesgo_Bajo"
12,5552,2,"Riesgo_Bajo"
41,4619,13,"Riesgo_Bajo"
42,4297,3,"Riesgo_Bajo"
37,4125,8,"Riesgo_Bajo"
44,3072,10,"Riesgo_Bajo"
38,2246,6,"Riesgo_Bajo"
25,3565,2,"Riesgo_Alto"
37,3463,11,"Riesgo_Bajo"
44,4441,9,"Riesgo_Bajo"
56,1690,1,"Riesgo_Bajo"
46,2674,13,"Riesgo_Bajo"
37,2797,1,"Riesgo_Bajo"
33,4266,14,"Riesgo_Bajo"
30,1574,15,"Riesgo_Bajo"
42,1001,8,"Riesgo_Alto"
37,1618,9,"Riesgo_Bajo"
43,4062,6,"Riesgo_Bajo"
35,3926,5,"Riesgo_Bajo"
42,1874,14,"Riesgo_Bajo"
30,3327,8,"Riesgo_Bajo"
41,4669,9,"Riesgo_Bajo"
46,2480,5,"Riesgo_Bajo"
37,4476,7,"Riesgo_Bajo"
23,3461,8,"Riesgo_Bajo"
42,3136,13,"Riesgo_Bajo"
24,2891,10,"Riesgo_Bajo"
46,1807,1,"Riesgo_Bajo"
43,4384,3,"Riesgo_Bajo"
28,3706,12,"Riesgo_Bajo"
35,4755,6,"Riesgo_Bajo"
50,2915,15,"Riesgo_Alto"
36,2830,5,"Riesgo_Bajo"
40,3269,11,"Riesgo_Bajo"
37,2497,10,"Riesgo_Bajo"
39,4084,4,"Riesgo_Bajo"
38,1952,11,"Riesgo_Alto"
38,2406,7,"Riesgo_Alto"
34,3645,9,"Riesgo_Bajo"
39,2677,10,"Riesgo_Bajo"
34,3497,14,"Riesgo_Bajo"
44,3153,12,"Riesgo_Bajo"
32,3521,11,"Riesgo_Bajo"
29,3495,8,"Riesgo_Bajo"
39,3176,12,"Riesgo_Bajo"
27,3346,15,"Riesgo_Alto"
32,3269,6,"Riesgo_Bajo"
44,4029,5,"Riesgo_Bajo"
39,3042,4,"Riesgo_Bajo"
54,2922,10,"Riesgo_Bajo"
43,3334,2,"Riesgo_Bajo"
45,3685,2,"Riesgo_Bajo"
25,4013,8,"Riesgo_Bajo"
51,3482,6,"Riesgo_Bajo"
37,4812,15,"Riesgo_Bajo"
34,1951,8,"Riesgo_Alto"
53,3153,6,"Riesgo_Bajo"
31,3523,4,"Riesgo_Bajo"
46,5642,3,"Riesgo_Bajo"
49,3215,3,"Riesgo_Bajo"
49,2937,14,"Riesgo_Bajo"
38,2696,15,"Riesgo_Alto"
38,1421,10,"Riesgo_Bajo"
40,2517,7,"Riesgo_Bajo"
17,858,5,"Riesgo_Alto"
46,3312,4,"Riesgo_Bajo"
39,3557,1,"Riesgo_Bajo"
24,2483,13,"Riesgo_Bajo"
31,4221,3,"Riesgo_Bajo"
33,3152,13,"Riesgo_Bajo"
37,4461,9,"Riesgo_Bajo"
42,2864,10,"Riesgo_Bajo"
34,4007,6,"Riesgo_Bajo"
22,2584,5,"Riesgo_Bajo"
36,2062,13,"Riesgo_Bajo"
36,2288,14,"Riesgo_Bajo"
27,3307,14,"Riesgo_Alto"
34,3725,2,"Riesgo_Bajo"
46,3238,4,"Riesgo_Bajo"
24,4123,10,"Riesgo_Bajo"
50,3952,9,"Riesgo_Bajo"
42,2413,6,"Riesgo_Bajo"
40,2130,8,"Riesgo_Alto"
28,2302,14,"Riesgo_Bajo"
39,3115,7,"Riesgo_Bajo"
34,2458,2,"Riesgo_Bajo"
47,3050,12,"Riesgo_Bajo"
49,2795,2,"Riesgo_Bajo"
22,2410,7,"Riesgo_Alto"
50,5440,5,"Riesgo_Bajo"
27,4225,14,"Riesgo_Bajo"
25,2083,14,"Riesgo_Bajo"
40,3537,12,"Riesgo_Bajo"
34,2912,5,"Riesgo_Bajo"
30,3313,10,"Riesgo_Bajo"
35,1222,14,"Riesgo_Bajo"
42,2201,9,"Riesgo_Bajo"
33,3901,2,"Riesgo_Bajo"
44,3137,13,"Riesgo_Bajo"
32,3878,4,"Riesgo_Bajo"
42,3772,12,"Riesgo_Bajo"
32,4000,3,"Riesgo_Bajo"
31,2968,1,"Riesgo_Alto"
49,1772,12,"Riesgo_Bajo"
32,2395,3,"Riesgo_Bajo"
54,1487,7,"Riesgo_Bajo"
36,4673,4,"Riesgo_Bajo"
40,4042,10,"Riesgo_Bajo"
25,2679,3,"Riesgo_Alto"
49,2553,1,"Riesgo_Alto"
42,2230,10,"Riesgo_Bajo"
36,3506,5,"Riesgo_Bajo"
51,3631,14,"Riesgo_Bajo"
44,3408,7,"Riesgo_Bajo"
49,2638,9,"Riesgo_Bajo"
44,1679,11,"Riesgo_Bajo"
34,1452,3,"Riesgo_Alto"
50,3810,13,"Riesgo_Bajo"
42,3192,11,"Riesgo_Bajo"
41,2715,13,"Riesgo_Alto"
25,3932,6,"Riesgo_Bajo"
31,4498,2,"Riesgo_Bajo"
23,2689,7,"Riesgo_Alto"
32,2939,13,"Riesgo_Bajo"
59,4349,11,"Riesgo_Bajo"
29,3077,14,"Riesgo_Bajo"
63,3787,3,"Riesgo_Alto"
44,1591,7,"Riesgo_Bajo"
35,3438,3,"Riesgo_Bajo"
37,2895,1,"Riesgo_Bajo"
42,4402,7,"Riesgo_Bajo"
33,2923,6,"Riesgo_Bajo"
35,3594,7,"Riesgo_Bajo"
25,3205,12,"Riesgo_Bajo"
48,2186,6,"Riesgo_Alto"
33,4133,3,"Riesgo_Bajo"
38,4473,13,"Riesgo_Bajo"
40,2873,1,"Riesgo_Bajo"
33,2968,1,"Riesgo_Alto"
39,4117,11,"Riesgo_Bajo"
51,4704,13,"Riesgo_Bajo"
48,4139,9,"Riesgo_Bajo"
51,3685,5,"Riesgo_Bajo"
19,2731,14,"Riesgo_Bajo"
54,3357,6,"Riesgo_Bajo"
36,4149,6,"Riesgo_Bajo"
45,3725,7,"Riesgo_Bajo"
40,1684,3,"Riesgo_Bajo"
47,3104,5,"Riesgo_Bajo"
41,1700,7,"Riesgo_Alto"
43,1012,14,"Riesgo_Bajo"
34,4113,1,"Riesgo_Bajo"
45,2079,2,"Riesgo_Bajo"
41,3621,4,"Riesgo_Bajo"
29,2941,1,"Riesgo_Bajo"
36,4380,2,"Riesgo_Bajo"
46,2861,8,"Riesgo_Bajo"
44,4681,2,"Riesgo_Bajo"
45,3978,6,"Riesgo_Bajo"
35,3663,5,"Riesgo_Bajo"
32,2447,8,"Riesgo_Bajo"
29,2013,9,"Riesgo_Bajo"
38,3513,2,"Riesgo_Bajo"
22,2835,11,"Riesgo_Bajo"
31,3769,5,"Riesgo_Bajo"
43,2654,9,"Riesgo_Bajo"
32,2655,15,"Riesgo_Bajo"
29,2704,11,"Riesgo_Bajo"
34,4453,5,"Riesgo_Bajo"
55,4001,3,"Riesgo_Bajo"
40,4135,2,"Riesgo_Bajo"
24,3474,7,"Riesgo_Alto"
50,2648,15,"Riesgo_Bajo"
37,953,11,"Riesgo_Alto"
38,4016,5,"Riesgo_Bajo"
41,1818,4,"Riesgo_Alto"
42,2323,8,"Riesgo_Alto"
25,3816,5,"Riesgo_Bajo"
27,3375,7,"Riesgo_Alto"
49,3818,6,"Riesgo_Bajo"
70,3009,7,"Riesgo_Bajo"
44,2847,10,"Riesgo_Alto"
32,2995,4,"Riesgo_Bajo"
49,4159,5,"Riesgo_Bajo"
30,3548,9,"Riesgo_Bajo"
35,2929,13,"Riesgo_Bajo"
25,4763,6,"Riesgo_Bajo"
33,3045,6,"Riesgo_Bajo"
53,2756,5,"Riesgo_Bajo"
42,3478,8,"Riesgo_Bajo"
50,3465,5,"Riesgo_Bajo"
39,3453,10,"Riesgo_Bajo"
18,1231,8,"Riesgo_Alto"
32,2264,6,"Riesgo_Alto"
34,3747,13,"Riesgo_Bajo"
38,3520,3,"Riesgo_Alto"
57,3606,8,"Riesgo_Bajo"
31,3133,12,"Riesgo_Bajo"
49,3850,13,"Riesgo_Bajo"
21,2136,5,"Riesgo_Alto"
41,1213,5,"Riesgo_Alto"
40,1012,5,"Riesgo_Alto"
44,3734,8,"Riesgo_Alto"
41,3409,7,"Riesgo_Bajo"
46,3826,10,"Riesgo_Bajo"
34,5227,8,"Riesgo_Bajo"
35,3412,6,"Riesgo_Bajo"
37,3968,11,"Riesgo_Bajo"
40,3713,15,"Riesgo_Bajo"
53,2714,3,"Riesgo_Bajo"
12,2640,7,"Riesgo_Alto"
39,2439,3,"Riesgo_Bajo"
26,4573,14,"Riesgo_Bajo"
34,2982,6,"Riesgo_Bajo"
52,2806,8,"Riesgo_Bajo"
38,2278,9,"Riesgo_Bajo"
29,4232,1,"Riesgo_Bajo"
40,3842,10,"Riesgo_Bajo"
30,3015,8,"Riesgo_Bajo"
35,2597,12,"Riesgo_Bajo"
48,4022,7,"Riesgo_Bajo"
39,3828,13,"Riesgo_Bajo"
34,1477,9,"Riesgo_Bajo"
35,2632,1,"Riesgo_Bajo"
44,2790,6,"Riesgo_Bajo"
45,1667,11,"Riesgo_Bajo"
47,3665,6,"Riesgo_Bajo"
37,2722,8,"Riesgo_Bajo"
21,3199,9,"Riesgo_Alto"
43,2841,10,"Riesgo_Bajo"
41,4193,10,"Riesgo_Bajo"
32,3129,13,"Riesgo_Bajo"
43,3432,2,"Riesgo_Bajo"
46,4160,11,"Riesgo_Bajo"
45,1694,4,"Riesgo_Bajo"
41,3341,3,"Riesgo_Bajo"
24,3067,13,"Riesgo_Alto"
37,2006,4,"Riesgo_Bajo"
51,4635,2,"Riesgo_Bajo"
33,2636,9,"Riesgo_Bajo"
42,2098,13,"Riesgo_Bajo"
44,3559,6,"Riesgo_Alto"
32,4002,9,"Riesgo_Bajo"
45,2969,11,"Riesgo_Bajo"
49,3832,13,"Riesgo_Bajo"
32,2480,1,"Riesgo_Alto"
26,3086,5,"Riesgo_Bajo"
38,2148,13,"Riesgo_Bajo"
35,2826,7,"Riesgo_Bajo"
30,2903,12,"Riesgo_Bajo"
23,3227,15,"Riesgo_Bajo"
33,3905,14,"Riesgo_Bajo"
41,4070,12,"Riesgo_Bajo"
39,2631,3,"Riesgo_Bajo"
25,3597,9,"Riesgo_Bajo"
50,2971,7,"Riesgo_Bajo"
22,1846,13,"Riesgo_Alto"
37,5101,13,"Riesgo_Bajo"
32,3483,7,"Riesgo_Bajo"
44,3048,15,"Riesgo_Bajo"
33,4508,6,"Riesgo_Bajo"
44,845,10,"Riesgo_Bajo"
39,2547,12,"Riesgo_Bajo"
26,2100,1,"Riesgo_Alto"
34,4300,11,"Riesgo_Bajo"
34,2620,5,"Riesgo_Bajo"
38,2694,13,"Riesgo_Bajo"
42,2598,1,"Riesgo_Alto"
41,4296,15,"Riesgo_Bajo"
39,2663,4,"Riesgo_Bajo"
36,3067,6,"Riesgo_Bajo"
39,3128,11,"Riesgo_Bajo"
27,4843,11,"Riesgo_Bajo"
53,3320,11,"Riesgo_Bajo"
44,3563,7,"Riesgo_Bajo"
29,3093,11,"Riesgo_Alto"
40,4677,3,"Riesgo_Bajo"
24,1392,9,"Riesgo_Alto"
35,2597,3,"Riesgo_Bajo"
26,4798,11,"Riesgo_Bajo"
20,3175,14,"Riesgo_Bajo"
49,4970,9,"Riesgo_Bajo"
25,3828,2,"Riesgo_Bajo"
45,3074,11,"Riesgo_Bajo"
36,2372,6,"Riesgo_Bajo"
27,2917,3,"Riesgo_Bajo"
36,3769,5,"Riesgo_Bajo"
33,3682,10,"Riesgo_Bajo"
26,2842,11,"Riesgo_Bajo"
44,2530,10,"Riesgo_Bajo"
36,2340,6,"Riesgo_Bajo"
55,1833,6,"Riesgo_Bajo"
29,2705,14,"Riesgo_Bajo"
32,3133,8,"Riesgo_Bajo"
54,3680,2,"Riesgo_Bajo"
33,2343,10,"Riesgo_Bajo"
32,2969,12,"Riesgo_Bajo"
49,3496,7,"Riesgo_Bajo"
46,3225,13,"Riesgo_Alto"
45,5230,2,"Riesgo_Bajo"
37,3657,4,"Riesgo_Bajo"
41,2185,9,"Riesgo_Bajo"
36,1990,15,"Riesgo_Alto"
53,4365,7,"Riesgo_Bajo"
33,2527,5,"Riesgo_Bajo"
40,4513,8,"Riesgo_Bajo"
30,2291,12,"Riesgo_Bajo"
19,2137,9,"Riesgo_Alto"
42,2633,11,"Riesgo_Bajo"
36,3792,5,"Riesgo_Bajo"
31,998,9,"Riesgo_Alto"
41,3104,8,"Riesgo_Bajo"
43,3416,15,"Riesgo_Bajo"
37,2630,10,"Riesgo_Bajo"
45,2457,8,"Riesgo_Bajo"
34,4474,3,"Riesgo_Bajo"
39,3519,13,"Riesgo_Bajo"
34,3129,7,"Riesgo_Bajo"
30,2857,9,"Riesgo_Bajo"
55,2361,2,"Riesgo_Bajo"
31,2370,7,"Riesgo_Bajo"
41,3464,6,"Riesgo_Bajo"
49,3606,5,"Riesgo_Bajo"
50,1702,13,"Riesgo_Bajo"
42,4053,4,"Riesgo_Bajo"
24,2838,15,"Riesgo_Bajo"
45,3001,5,"Riesgo_Alto"
28,3587,10,"Riesgo_Bajo"
38,2312,6,"Riesgo_Bajo"
36,1772,5,"Riesgo_Alto"
50,3050,2,"Riesgo_Bajo"
21,1940,14,"Riesgo_Alto"
49,4312,3,"Riesgo_Bajo"
38,2886,8,"Riesgo_Alto"
49,4404,15,"Riesgo_Bajo"
34,3624,1,"Riesgo_Bajo"
30,2375,4,"Riesgo_Bajo"
25,3461,9,"Riesgo_Bajo"
23,2909,7,"Riesgo_Bajo"
41,2552,13,"Riesgo_Bajo"
39,4105,7,"Riesgo_Bajo"
45,2972,9,"Riesgo_Bajo"
32,3520,3,"Riesgo_Bajo"
45,1902,9,"Riesgo_Alto"
22,3234,3,"Riesgo_Bajo"
43,4632,6,"Riesgo_Bajo"
36,4476,2,"Riesgo_Bajo"
42,3593,7,"Riesgo_Bajo"
36,4235,4,"Riesgo_Bajo"
51,3075,6,"Riesgo_Alto"
