"Canal","Productos_Frescos","Lacteos","Abarrotes","Congelados"
"Minorista",9202,795,3739,9908
"Horeca",3992,12350,11693,2601
"Horeca",17902,4558,5779,1823
"Horeca",1391,6478,439,81
"Minorista",7226,8625,32155,626
"Minorista",2827,7296,334,281
"Horeca",2672,13846,18346,292
"Minorista",20705,9340,3170,820
"Minorista",11186,10902,15170,4199
"Horeca",2701,1059,8329,3877
"Horeca",2047,7919,6292,1829
"Horeca",3760,2534,19851,1046
"Minorista",19807,390,1083,3035
"Horeca",2107,70,3198,282
"Minorista",3955,7725,114,883
"Minorista",23237,3225,5909,3704
"Horeca",34063,2040,8011,3286
"Horeca",9081,10868,11256,306
"Horeca",3774,3445,5468,7582
"Minorista",27411,196,5229,3091
"Horeca",2957,251,10714,2530
"Horeca",4338,1328,1254,2269
"Horeca",1201,6222,439,429
"Minorista",12688,21756,17008,674
"Horeca",2470,494,12672,781
"Minorista",6781,3839,7649,1768
"Minorista",14987,13928,1274,682
"Minorista",13947,8532,1127,1313
"Minorista",16519,5296,23619,4257
"Minorista",14346,1145,815,1480
"Horeca",6717,8332,22544,3549
"Minorista",311,883,16595,166
"Horeca",5857,2994,26904,833
"Horeca",4071,30256,3830,251
"Horeca",16852,5710,175,2216
"Horeca",5423,214,10376,2552
"Horeca",56212,18456,36799,1062
"Minorista",425,1324,8668,1994
"Horeca",1639,7352,6770,4283
"Horeca",551,5148,23840,12422
"Minorista",27667,3893,8157,3432
"Horeca",18517,7867,4419,1457
"Horeca",27638,3158,4636,3808
"Horeca",37003,11151,17136,731
"Minorista",7268,164,22302,3342
"Horeca",6635,25112,2059,1552
"Horeca",36569,9250,2262,2186
"Horeca",5054,13470,11138,2639
"Horeca",5586,1416,18292,1446
"Minorista",679,7970,16262,792
"Horeca",589,10928,1782,5809
"Horeca",8102,4402,310,3671
"Horeca",7475,2297,5454,3841
"Minorista",4695,6673,4535,3399
"Horeca",3353,15791,6208,218
"Minorista",12272,1630,3928,2254
"Horeca",1285,11029,3917,693
"Minorista",7800,19135,8376,340
"Minorista",5667,3128,19391,1814
"Minorista",5541,18118,163,2056
"Horeca",13467,889,5029,6333
"Horeca",32487,623,656,733
"Horeca",2104,1990,6941,299
"Horeca",3811,1877,9862,2169
"Minorista",3649,5511,3771,3454
"Horeca",19,406,17812,1392
"Horeca",17118,6534,7004,2745
"Minorista",39269,9025,9300,12946
"Horeca",13406,1972,7015,368
"Horeca",1520,8198,1819,5708
"Minorista",6158,3006,857,792
"Horeca",4493,12548,1203,10768
"Minorista",751,2996,2044,4290
"Horeca",14298,3964,135,1649
"Horeca",12354,3772,8862,4886
"Horeca",12243,3133,2035,8544
"Horeca",24775,584,7165,302
"Minorista",9297,4695,16316,48
"Minorista",18744,1573,17788,142
"Horeca",17558,7290,7767,1512
"Horeca",5218,4332,158,707
"Horeca",6947,3858,8549,5994
"Horeca",5878,907,818,289
"Horeca",1463,9322,7822,1303
"Horeca",5347,23945,1590,6647
"Horeca",46881,215,6064,574
"Horeca",13719,2925,134,2076
"Minorista",28818,5258,1156,5191
"Minorista",6833,672,1440,681
"Horeca",111,5273,5732,1281
"Minorista",5052,4174,20385,3524
"Horeca",4847,4538,12996,693
"Minorista",10003,518,1973,376
"Minorista",9845,119,2248,1182
"Horeca",29232,6424,33,1430
"Horeca",14894,2206,23454,616
"Horeca",16195,98,1117,3053
"Horeca",2230,7646,4312,595
"Horeca",7361,3151,6607,927
"Horeca",26061,2602,34938,35
"Minorista",11876,1075,20,8641
"Horeca",16860,5240,4934,283
"Horeca",16328,5797,2944,4970
"Horeca",39170,4811,5038,880
"Horeca",10046,1983,11143,270
"Horeca",3033,7408,18193,3723
"Minorista",858,869,14831,2069
"Horeca",11634,4578,3174,14088
"Minorista",3070,8259,13010,299
"Minorista",13724,5263,11318,2865
"Minorista",34543,1084,6434,54
"Horeca",28607,4278,6148,4106
"Minorista",6944,1372,17313,5102
"Horeca",29137,1815,2090,2317
"Minorista",14963,1218,66,529
"Minorista",5699,10497,3542,620
"Minorista",5753,3361,28471,9230
"Horeca",16422,4583,25830,247
"Horeca",14802,1703,5114,7188
"Horeca",18299,3056,374,2013
"Minorista",5056,2815,4351,3616
"Horeca",6631,11184,14599,8552
"Horeca",2808,4464,10864,4411
"Minorista",2719,2486,3560,722
"Minorista",8046,4755,669,7807
"Minorista",20268,23241,25580,1210
"Horeca",2407,1535,5205,2815
"Horeca",8516,4649,446,1826
"Horeca",1848,1278,6842,52
"Horeca",56111,2894,21658,11006
"Minorista",2496,704,1507,4630
"Minorista",19338,8413,3346,7830
"Horeca",30780,9378,5539,2602
"Horeca",4047,924,9866,83
"Horeca",694,147,990,191
"Minorista",2698,6342,8055,735
"Minorista",3676,9081,8247,4118
"Minorista",906,6727,813,2043
"Minorista",7583,823,6430,6128
"Horeca",21497,6998,13086,106
"Minorista",9260,1253,17503,1557
"Minorista",33356,9703,10457,715
"Horeca",11409,520,898,711
"Horeca",13235,1846,2698,1796
"Horeca",14329,10946,3749,1903
"Horeca",997,1167,1263,1709
"Horeca",4589,605,2685,2843
"Minorista",21817,9610,2354,5336
"Horeca",1813,2694,3541,630
"Horeca",5334,382,1156,3645
"Horeca",2627,3452,8334,8868
"Horeca",2505,7732,5889,2620
"Horeca",24435,1293,13983,9394
"Horeca",21891,6870,3988,647
"Minorista",2233,69,36145,253
"Horeca",3060,14742,6113,2739
"Horeca",2971,617,5547,3676
"Horeca",24099,4846,5982,2608
"Horeca",6994,1240,9226,6412
"Horeca",3608,1616,6751,920
"Horeca",3976,1656,11147,2011
"Minorista",23752,11603,7607,558
"Minorista",15030,5111,4282,2660
"Minorista",2458,755,2463,5461
"Minorista",12766,6986,1878,120
"Horeca",27,735,31004,6414
"Minorista",4154,1700,19146,4604
"Minorista",2776,2915,8026,1384
"Horeca",8895,1200,394,3112
"Horeca",3112,1029,128,386
"Horeca",11414,5751,167,1519
"Minorista",7259,8693,1154,1547
"Horeca",4347,5077,2801,1374
"Horeca",2490,5920,2821,871
"Minorista",2745,145,1667,1061
"Minorista",5359,4206,5360,4784
"Minorista",14618,1390,2690,234
"Minorista",19077,7295,459,6416
"Minorista",18178,16266,13893,330
"Minorista",7617,505,17314,2600
"Minorista",8396,680,663,791
"Horeca",54511,3420,6619,241
"Horeca",23410,2287,8786,1070
"Horeca",2130,11930,3944,6973
"Minorista",6027,1226,19721,964
"Horeca",1918,7335,4638,824
"Horeca",155,7049,6266,1711
"Horeca",4887,4280,22683,1808
"Horeca",9602,279,434,16189
"Minorista",31033,11873,1081,358
"Minorista",7334,710,14244,4895
"Horeca",16996,9196,18533,2295
"Horeca",3398,748,4543,286
"Horeca",20004,3060,398,300
"Horeca",903,266,6463,8789
"Horeca",8962,5294,2284,6600
"Horeca",16709,5349,26616,2079
"Minorista",42902,1540,1816,252
"Horeca",18023,2987,17821,1234
"Horeca",26965,15127,10670,2086
"Horeca",435,4223,6010,1100
"Horeca",11371,5053,1621,34
"Horeca",1251,2416,3887,4614
"Horeca",8358,9289,40114,61
"Horeca",13088,3358,13380,1103
"Horeca",2004,1898,2509,11707
"Horeca",1050,14533,8943,1381
"Horeca",4033,8794,11247,1076
"Minorista",8204,14795,8112,1857
"Horeca",20576,2091,2624,271
"Minorista",30199,2009,11172,4651
"Horeca",12892,3613,13996,6676
"Minorista",6224,13372,4678,8837
"Horeca",212,3304,2514,5784
"Horeca",3209,3853,8879,1728
"Horeca",3593,1024,2815,1595
"Horeca",25445,2455,4114,516
"Minorista",5685,1102,6503,3245
"Minorista",2690,3177,1183,11286
"Horeca",467,4833,1206,2597
"Horeca",5747,7491,11220,2012
"Horeca",14619,2227,6056,6216
"Horeca",11861,15006,13170,5826
"Minorista",2633,121,4927,1736
"Minorista",9210,8593,24158,3092
"Minorista",68395,5934,3799,1391
"Horeca",4760,4079,12674,3037
"Minorista",3959,20315,1472,2293
"Minorista",5149,15354,20559,5507
"Minorista",17681,3457,3639,2286
"Horeca",4721,5604,4931,1388
"Horeca",2132,13675,24206,1466
"Minorista",2503,1353,13670,3754
"Minorista",19724,6110,32588,5212
"Minorista",6880,8538,13136,1069
"Horeca",88392,8721,5354,1018
"Horeca",35642,4071,6824,2644
"Horeca",9141,17935,1862,6
"Horeca",16527,4856,1647,315
"Minorista",471,9274,11203,60
"Horeca",14757,9397,3696,1054
"Horeca",4313,10591,3482,1773
"Minorista",12128,3544,67975,9376
"Horeca",4860,3122,2316,5346
"Minorista",28260,4542,6996,5874
"Horeca",13853,5626,6005,2731
"Horeca",5206,430,8726,4358
"Horeca",6960,3099,6299,826
"Minorista",2127,3879,26051,985
"Minorista",6033,2671,31707,873
"Minorista",23913,6669,689,3645
"Horeca",83,260,743,551
"Minorista",3396,2816,5434,3802
"Minorista",4904,1051,10669,1879
"Minorista",4273,7043,702,14649
"Horeca",4763,10627,2591,2445
"Horeca",8145,14657,16496,1575
"Horeca",14428,1830,2165,235
"Minorista",898,3705,3483,672
"Minorista",3210,1092,5040,817
"Minorista",5043,5720,7694,5317
"Horeca",16950,900,2441,382
"Horeca",14804,14847,3488,1611
"Horeca",15808,2176,6605,5013
"Horeca",14357,5991,25412,4053
"Horeca",7889,26761,220,357
"Horeca",243,1590,3581,3532
"Minorista",390,2814,43,7904
"Horeca",12667,7766,2992,1308
"Horeca",404,1270,10558,3653
"Horeca",5276,1305,20273,492
"Horeca",12873,6358,6112,1310
"Horeca",24928,1524,20741,425
"Horeca",7800,2160,4509,6639
"Minorista",21666,3498,4396,1292
"Minorista",26911,1914,12361,4674
"Minorista",7193,19260,761,7616
"Horeca",4787,5195,12091,11116
"Minorista",26577,9131,6439,406
"Horeca",18107,8687,12889,1788
"Minorista",11177,15718,596,1142
"Horeca",26,13582,14502,3934
"Horeca",3205,2597,6054,1713
"Horeca",1200,3911,3060,1613
"Horeca",11373,2707,2727,1059
"Horeca",22832,13101,3274,610
"Horeca",1002,510,1568,2213
"Horeca",1256,375,710,10077
"Horeca",6448,4336,5935,2360
"Horeca",2710,10257,23438,4616
"Horeca",9614,551,3311,1978
"Horeca",24453,17615,4940,1799
"Horeca",2537,6901,30681,5836
"Horeca",11490,1210,3955,1780
"Horeca",6723,14419,478,7066
"Horeca",11849,3617,15714,10885
"Minorista",18241,356,176,2089
"Horeca",16552,7022,15453,1320
"Minorista",8185,6361,19411,2355
"Horeca",1197,13136,6983,1119
"Horeca",14814,14282,11126,5541
"Horeca",25409,10835,15150,405
"Horeca",1338,14359,2446,1843
"Minorista",25452,1531,10635,1966
"Minorista",7357,337,4641,4213
"Horeca",9774,1035,336,6364
"Horeca",10564,7061,1826,1703
"Horeca",3764,5152,1395,3973
"Horeca",1731,611,6360,168
"Minorista",23537,4083,3802,179
"Horeca",11162,7556,5520,7618
"Minorista",14992,1750,10533,171
"Horeca",17041,10242,3196,11538
"Minorista",6110,960,26713,6920
"Horeca",14289,31930,1635,1879
"Horeca",5879,7090,2297,3799
"Horeca",144,2315,15063,4942
"Horeca",2515,4935,9810,563
"Horeca",50,3980,8127,4974
"Horeca",22421,19184,2324,3348
"Horeca",4280,1010,7255,10259
"Horeca",6462,19074,5880,3174
"Horeca",6364,10910,23823,1721
"Horeca",4863,10287,17691,2588
"Horeca",3757,7161,2819,1429
"Horeca",1962,3299,3199,414
"Horeca",11900,532,18663,5059
"Minorista",20944,10454,4680,8889
"Horeca",9575,320,418,8231
"Minorista",8549,1651,13375,915
"Horeca",7730,1616,8476,9336
"Horeca",11029,1475,1871,8001
"Minorista",19480,6993,3800,7041
"Minorista",21544,1251,24994,1496
"Minorista",29694,18396,1853,402
"Horeca",650,1346,5388,3660
"Horeca",15403,1349,10377,5464
"Horeca",10323,9427,839,2516
"Minorista",2078,4047,18890,2186
"Horeca",4380,1244,15947,4640
"Horeca",2108,2346,22756,1371
"Horeca",3288,1802,34849,415
"Horeca",6241,2872,7832,4454
"Horeca",9737,1375,1687,3812
"Minorista",3835,8887,4950,5008
"Horeca",13899,3414,6008,902
"Minorista",63920,2317,3101,2723
"Horeca",2954,275,5784,178
"Horeca",7484,345,2062,3833
"Horeca",6904,2936,17552,988
"Horeca",3263,433,8063,304
"Horeca",20135,468,17467,1902
"Minorista",734,1391,11184,1473
"Minorista",4246,6311,2192,5354
"Horeca",10457,14592,7496,2639
"Minorista",10010,7770,12165,309
"Horeca",26872,9217,34559,1639
"Minorista",31489,5383,12012,8426
"Minorista",38198,6093,3544,448
"Horeca",245,3479,5294,1766
"Horeca",5507,25,13182,1939
"Horeca",6954,255,2199,6800
"Horeca",3903,454,26874,1154
"Horeca",7922,744,7593,5199
"Horeca",3964,1099,1231,1772
"Horeca",965,11942,696,5150
"Horeca",16401,1219,7805,750
"Horeca",6017,2212,8058,2675
"Minorista",6577,589,2363,2679
"Horeca",6841,3122,9982,879
"Minorista",378,7413,3725,1339
"Minorista",6570,2878,2251,7223
"Horeca",2841,4031,289,4853
"Horeca",15019,2484,3797,8529
"Horeca",48538,3971,9702,12817
"Minorista",26148,11405,7171,7042
"Minorista",1362,3866,5489,783
"Horeca",17699,7638,3398,1244
"Horeca",13132,20328,7931,857
"Horeca",3475,20006,4076,256
"Horeca",14593,239,5324,3575
"Minorista",17166,8336,1416,5397
"Horeca",8445,15171,6910,196
"Minorista",28620,26288,5045,5860
"Minorista",27912,8082,11152,3476
"Horeca",660,2827,493,2029
"Horeca",30960,3904,10277,246
"Horeca",2253,8500,30455,2935
"Minorista",796,12716,10988,692
"Horeca",7454,575,19779,4147
"Horeca",6850,8247,1601,4520
"Horeca",27254,3963,15038,3031
"Minorista",20706,9046,1561,9644
"Minorista",2517,8915,9315,514
"Minorista",4214,97,19093,1046
"Horeca",61,5959,28058,4767
"Minorista",20727,6499,2672,3886
"Horeca",7646,956,28447,1222
"Minorista",5221,1630,4340,2806
"Minorista",12315,1166,857,547
"Horeca",4436,1773,12485,3770
"Minorista",8837,3904,10795,2873
"Horeca",28554,20886,30034,6516
"Minorista",15071,5107,5223,1183
"Horeca",8348,156,2129,363
"Minorista",3889,8260,1360,3221
"Horeca",18730,3298,4709,2100
"Horeca",11262,7562,8948,555
"Minorista",25,19023,24440,188
"Horeca",152,2304,6120,2440
"Horeca",14606,1723,5249,10269
"Minorista",1566,1794,215,1805
"Horeca",33179,3692,48391,76
"Horeca",21236,95,3712,2954
"Minorista",9361,4057,13342,837
"Minorista",19775,1127,74,482
"Horeca",2916,23881,16487,319
"Horeca",549,11376,21965,4406
"Horeca",38846,5903,1241,513
"Horeca",6979,8185,694,917
"Horeca",440,2780,22821,1712
"Horeca",1518,4543,3621,2568
"Horeca",11121,2477,5158,2481
"Horeca",9401,1138,6296,5572
"Horeca",52731,676,1596,1960
"Minorista",16547,5523,3332,487
"Horeca",6005,3558,1620,2677
"Horeca",1184,4343,10618,1967
"Horeca",7230,5956,693,373
"Horeca",10377,1547,1362,1144
"Minorista",10498,4807,6312,0
"Horeca",8271,1089,2065,395
"Minorista",9219,13380,8014,16145
"Horeca",2214,17110,4348,701
"Horeca",12390,4114,2664,1230
"Horeca",20193,11622,5412,3564
"Horeca",17787,625,12086,859
"Horeca",9408,19562,132,10455
"Horeca",16215,5857,1212,2247
"Minorista",22075,15730,468,984
