"id_ecuacion","tema","nivel","consulta_booleana","idioma","objetivo","url_scholar"
"U2-MOD-001","01_MODELOS_MINERIA_DATOS","Taxonomía Teórica General","(""data mining models"" OR ""modelos de minería de datos"") AND (""taxonomy"" OR ""taxonomía"") AND (""framework"" OR ""survey"")","Bilingüe (ES/EN)","Analizar formalmente el enfoque de: taxonomía y marcos conceptuales de modelos","https://scholar.google.com/scholar?q=%28%22data%20mining%20models%22%20OR%20%22modelos%20de%20miner%C3%ADa%20de%20datos%22%29%20AND%20%28%22taxonomy%22%20OR%20%22taxonom%C3%ADa%22%29%20AND%20%28%22framework%22%20OR%20%22survey%22%29"
"U2-MOD-002","01_MODELOS_MINERIA_DATOS","Modelos Predictivos vs Descriptivos","(""predictive models"" OR ""modelos predictivos"") AND (""descriptive models"" OR ""modelos descriptivos"") AND (""data mining"")","Bilingüe (ES/EN)","Analizar formalmente el enfoque de: diferenciación entre aprendizaje predictivo y descriptivo","https://scholar.google.com/scholar?q=%28%22predictive%20models%22%20OR%20%22modelos%20predictivos%22%29%20AND%20%28%22descriptive%20models%22%20OR%20%22modelos%20descriptivos%22%29%20AND%20%28%22data%20mining%22%29"
"U2-MOD-003","01_MODELOS_MINERIA_DATOS","Modelos Paramétricos vs No Paramétricos","(""parametric models"" OR ""modelos paramétricos"") AND (""nonparametric"" OR ""no paramétricos"") AND (""machine learning"")","Bilingüe (ES/EN)","Analizar formalmente el enfoque de: fundamentos de modelos paramétricos y no paramétricos","https://scholar.google.com/scholar?q=%28%22parametric%20models%22%20OR%20%22modelos%20param%C3%A9tricos%22%29%20AND%20%28%22nonparametric%22%20OR%20%22no%20param%C3%A9tricos%22%29%20AND%20%28%22machine%20learning%22%29"
"U2-MOD-004","01_MODELOS_MINERIA_DATOS","Modelos de Clasificación Binaria","(""binary classification"" OR ""clasificación binaria"") AND (""decision boundary"" OR ""frontera de decisión"") AND (""algorithms"")","Bilingüe (ES/EN)","Analizar formalmente el enfoque de: algoritmos de clasificación en dos clases","https://scholar.google.com/scholar?q=%28%22binary%20classification%22%20OR%20%22clasificaci%C3%B3n%20binaria%22%29%20AND%20%28%22decision%20boundary%22%20OR%20%22frontera%20de%20decisi%C3%B3n%22%29%20AND%20%28%22algorithms%22%29"
"U2-MOD-005","01_MODELOS_MINERIA_DATOS","Modelos de Clasificación Multiclase","(""multiclass classification"" OR ""clasificación multiclase"") AND (""one-vs-rest"" OR ""multinomial"") AND (""data mining"")","Bilingüe (ES/EN)","Analizar formalmente el enfoque de: estrategias de partición en problemas multiclase","https://scholar.google.com/scholar?q=%28%22multiclass%20classification%22%20OR%20%22clasificaci%C3%B3n%20multiclase%22%29%20AND%20%28%22one-vs-rest%22%20OR%20%22multinomial%22%29%20AND%20%28%22data%20mining%22%29"
"U2-MOD-006","01_MODELOS_MINERIA_DATOS","Modelos de Regresión Lineal y Ridge","(""linear regression"" OR ""regresión lineal"") AND (""regularization"" OR ""Ridge"" OR ""Lasso"") AND (""overfitting"")","Bilingüe (ES/EN)","Analizar formalmente el enfoque de: regularización y control de penalización en regresión lineal","https://scholar.google.com/scholar?q=%28%22linear%20regression%22%20OR%20%22regresi%C3%B3n%20lineal%22%29%20AND%20%28%22regularization%22%20OR%20%22Ridge%22%20OR%20%22Lasso%22%29%20AND%20%28%22overfitting%22%29"
"U2-MOD-007","01_MODELOS_MINERIA_DATOS","Modelos de Regresión No Lineal","(""nonlinear regression"" OR ""regresión no lineal"") AND (""splines"" OR ""kernel methods"") AND (""data mining"")","Bilingüe (ES/EN)","Analizar formalmente el enfoque de: aproximación de relaciones funcionales complejas no lineales","https://scholar.google.com/scholar?q=%28%22nonlinear%20regression%22%20OR%20%22regresi%C3%B3n%20no%20lineal%22%29%20AND%20%28%22splines%22%20OR%20%22kernel%20methods%22%29%20AND%20%28%22data%20mining%22%29"
"U2-MOD-008","01_MODELOS_MINERIA_DATOS","Modelos de Agrupamiento y Densidad","(""clustering models"" OR ""modelos de agrupamiento"") AND (""spatial density"" OR ""partitioning"") AND (""cluster analysis"")","Bilingüe (ES/EN)","Analizar formalmente el enfoque de: algoritmos de densidad y partición de espacios continuos","https://scholar.google.com/scholar?q=%28%22clustering%20models%22%20OR%20%22modelos%20de%20agrupamiento%22%29%20AND%20%28%22spatial%20density%22%20OR%20%22partitioning%22%29%20AND%20%28%22cluster%20analysis%22%29"
"U2-MOD-009","01_MODELOS_MINERIA_DATOS","Modelos Probabilísticos y Bayesianos","(""probabilistic models"" OR ""modelos probabilísticos"") AND (""Bayesian networks"" OR ""redes bayesianas"") AND (""inference"")","Bilingüe (ES/EN)","Analizar formalmente el enfoque de: estimación de probabilidades a posteriori y redes bayesianas","https://scholar.google.com/scholar?q=%28%22probabilistic%20models%22%20OR%20%22modelos%20probabil%C3%ADsticos%22%29%20AND%20%28%22Bayesian%20networks%22%20OR%20%22redes%20bayesianas%22%29%20AND%20%28%22inference%22%29"
"U2-MOD-010","01_MODELOS_MINERIA_DATOS","Modelos Basados en Reglas Inductivas","(""rule-based models"" OR ""modelos basados en reglas"") AND (""decision lists"" OR ""inducer"") AND (""knowledge discovery"")","Bilingüe (ES/EN)","Analizar formalmente el enfoque de: extracción de conjuntos de reglas lógicas interpretables","https://scholar.google.com/scholar?q=%28%22rule-based%20models%22%20OR%20%22modelos%20basados%20en%20reglas%22%29%20AND%20%28%22decision%20lists%22%20OR%20%22inducer%22%29%20AND%20%28%22knowledge%20discovery%22%29"
"U2-MOD-011","01_MODELOS_MINERIA_DATOS","Evaluación mediante Curvas ROC y PR","(""ROC curve"" OR ""curva ROC"") AND (""precision recall"" OR ""PR curve"") AND (""model evaluation"" OR ""evaluación de modelos"")","Bilingüe (ES/EN)","Analizar formalmente el enfoque de: evaluación de umbrales discriminantes mediante curvas de rendimiento","https://scholar.google.com/scholar?q=%28%22ROC%20curve%22%20OR%20%22curva%20ROC%22%29%20AND%20%28%22precision%20recall%22%20OR%20%22PR%20curve%22%29%20AND%20%28%22model%20evaluation%22%20OR%20%22evaluaci%C3%B3n%20de%20modelos%22%29"
"U2-MOD-012","01_MODELOS_MINERIA_DATOS","Métricas de Validación y F1-Score","(""confusion matrix"" OR ""matriz de confusión"") AND (""F1-score"" OR ""Cohen kappa"") AND (""performance metrics"")","Bilingüe (ES/EN)","Analizar formalmente el enfoque de: cálculo de métricas robustas ante desbalance de clases","https://scholar.google.com/scholar?q=%28%22confusion%20matrix%22%20OR%20%22matriz%20de%20confusi%C3%B3n%22%29%20AND%20%28%22F1-score%22%20OR%20%22Cohen%20kappa%22%29%20AND%20%28%22performance%20metrics%22%29"
"U2-MOD-013","01_MODELOS_MINERIA_DATOS","Protocolos de Validación Cruzada","(""k-fold cross-validation"" OR ""validación cruzada"") AND (""leave-one-out"" OR ""bootstrap"") AND (""resampling"")","Bilingüe (ES/EN)","Analizar formalmente el enfoque de: diseño de esquemas de remuestreo y validación empírica","https://scholar.google.com/scholar?q=%28%22k-fold%20cross-validation%22%20OR%20%22validaci%C3%B3n%20cruzada%22%29%20AND%20%28%22leave-one-out%22%20OR%20%22bootstrap%22%29%20AND%20%28%22resampling%22%29"
"U2-MOD-014","01_MODELOS_MINERIA_DATOS","Compromiso Sesgo-Varianza","(""bias variance tradeoff"" OR ""compromiso sesgo varianza"") AND (""generalization error"" OR ""error de generalización"")","Bilingüe (ES/EN)","Analizar formalmente el enfoque de: análisis del equilibrio entre subajuste y sobreajuste computacional","https://scholar.google.com/scholar?q=%28%22bias%20variance%20tradeoff%22%20OR%20%22compromiso%20sesgo%20varianza%22%29%20AND%20%28%22generalization%20error%22%20OR%20%22error%20de%20generalizaci%C3%B3n%22%29"
"U2-MOD-015","01_MODELOS_MINERIA_DATOS","Explicabilidad e Interpretabilidad (XAI)","(""explainable AI"" OR ""XAI"" OR ""interpretable machine learning"") AND (""SHAP"" OR ""LIME"") AND (""model interpretability"")","Bilingüe (ES/EN)","Analizar formalmente el enfoque de: técnicas de interpretabilidad local y global de modelos complejos","https://scholar.google.com/scholar?q=%28%22explainable%20AI%22%20OR%20%22XAI%22%20OR%20%22interpretable%20machine%20learning%22%29%20AND%20%28%22SHAP%22%20OR%20%22LIME%22%29%20AND%20%28%22model%20interpretability%22%29"
