"ID","Tema_Relacionado","ID_Ecuacion_Origen","Titulo","Autores","Anio","Tipo_Publicacion","Objetivo_Estudio","Metodologia_Utilizada","Principales_Resultados","Nivel_Pertinencia"
"DOC_MOD_001","04_modelos","MOD-001","An Empirical Comparison of Supervised Learning Algorithms","Rich Caruana, Alexandru Niculescu-Mizil",2006,"Conferencia Arbitrada","Comparar empíricamente 10 familias de algoritmos supervisados sobre 8 métricas de rendimiento en múltiples benchmarks.","Evaluación masiva factorial calibrando modelos SVM, redes neuronales, Random Forest y regresión logística.","Random Forest, Gradient Boosting y redes neuronales calibradas obtuvieron el rendimiento superior agregado.","Alta"
"DOC_MOD_002","04_modelos","MOD-002","An Introduction to ROC Analysis","Tom Fawcett",2006,"Artículo de Revista","Explicar las propiedades matemáticas, interpretación y cálculo del área bajo la curva ROC (AUC) en evaluación de modelos.","Análisis teórico y algorítmico de curvas de rendimiento en espacios de coste y probabilidades asimétricas.","Demostración de que el AUC es independiente de la distribución a priori de clases y superior al accuracy en datos desbalanceados.","Alta"
"DOC_MOD_003","04_modelos","MOD-003","Stop Explaining Black Box Machine Learning Models for High Stakes Decisions and Use Interpretable Models Instead","Cynthia Rudin",2019,"Artículo de Revista","Demostrar que en datos estructurados/tabulares los modelos inherentemente interpretables alcanzan precisión comparable a cajas negras.","Análisis crítico comparativo en justicia penal, diagnóstico médico y concesión de créditos.","Demostración de que las explicaciones post-hoc (cajas negras) son a menudo engañosas frente a modelos transparentes de diseño.","Alta"
"DOC_MOD_004","04_modelos","MOD-004","Linear Regression Analysis","George A. F. Seber, Alan J. Lee",2012,"Libro / Capítulo","Proveer el tratado matemático y estadístico definitivo de la regresión lineal por mínimos cuadrados y diagnóstico de residuos.","Formulación geométrica y matricial de espacios de proyección ortogonal y pruebas de hipótesis F y t.","Derivación formal del teorema de Gauss-Markov y técnicas de diagnóstico de heterocedasticidad y puntos influyentes.","Alta"
"DOC_MOD_005","04_modelos","MOD-005","Applied Logistic Regression","David W. Hosmer, Stanley Lemeshow, Rodney X. Sturdivant",2013,"Libro / Capítulo","Presentar la modelación probabilística mediante enlace logit para respuestas binarias y politómicas.","Estimación por máxima verosimilitud (Newton-Raphson), pruebas de Hosmer-Lemeshow y cálculo de Odds Ratios.","Metodología estándar para interpretar coeficientes logísticos como cambios porcentuales en razones de probabilidad.","Alta"
"DOC_MOD_006","04_modelos","MOD-006","Induction of Decision Trees","J. Ross Quinlan",1986,"Artículo de Revista","Desarrollar el algoritmo ID3 para inducir árboles de decisión mediante ganancia de información basada en entropía.","Teoría de la información de Shannon aplicada a partición recursiva en espacios de atributos.","Generación de modelos de caja blanca altamente interpretables con capacidad de derivar reglas lógicas explícitas.","Alta"
"DOC_MOD_007","04_modelos","MOD-007","Random Forests","Leo Breiman",2001,"Artículo de Revista","Presentar el algoritmo de Random Forests como combinación de árboles predictores descorrelacionados con muestreo aleatorio de variables.","Demostración matemática de límites de error de generalización y validación empírica en benchmarks UCI.","Inmunidad sustancial al sobreajuste, alta precisión y cálculo nativo de estimación fuera de bolsa (OOB) e importancia de variables.","Alta"
"DOC_MOD_008","04_modelos","MOD-008","Support-Vector Networks","Corinna Cortes, Vladimir Vapnik",1995,"Artículo de Revista","Formalizar las máquinas de soporte vectorial (SVM) para problemas no linealmente separables con margen suave.","Optimización cuadrática con multiplicadores de Lagrange y funciones kernel en espacios de Hilbert.","Control estricto de la dimensión VC para garantizar límites óptimos en el riesgo de generalización.","Alta"
"DOC_MOD_009","04_modelos","MOD-009","Nearest Neighbor Pattern Classification","Thomas M. Cover, Peter E. Hart",1967,"Artículo de Revista","Demostrar los límites de error asintóticos del algoritmo del vecino más cercano en relación con la tasa óptima bayesiana.","Demostración matemática asintótica en espacios métricos continuos.","Demostración de que el error del 1-NN está acotado superiormente por el doble del error bayesiano irreducible.","Alta"
"DOC_MOD_010","04_modelos","MOD-010","On the Optimality of the Simple Bayesian Classifier under Zero-One Loss","Pedro Domingos, Michael Pazzani",1997,"Artículo de Revista","Explicar por qué el clasificador Naive Bayes obtiene excelente precisión aun cuando se violan sus supuestos de independencia.","Análisis del espacio de decisiones bajo función de pérdida 0-1 demostrando que solo el orden de probabilidades importa.","Condiciones formales donde las violaciones de independencia no alteran la frontera de clasificación óptima.","Alta"
"DOC_MOD_011","04_modelos","MOD-011","Greedy Function Approximation: A Gradient Boosting Machine","Jerome H. Friedman",2001,"Artículo de Revista","Formular el boosting como optimización numérica en espacio de funciones ajustando modelos base a pseudo-residuos.","Descenso de gradiente sobre funciones de pérdida arbitrarias y regularización por contracción (learning rate).","Creación del algoritmo GBM, base directa de implementaciones líderes como XGBoost y LightGBM.","Alta"
"DOC_MOD_012","04_modelos","MOD-012","Regression Shrinkage and Selection via the Lasso","Robert Tibshirani",1996,"Artículo de Revista","Presentar el estimador Lasso que combina selección continua de variables con estabilidad de coeficientes mediante penalización L1.","Optimización convexa restringida por norma L1 que anula exactamente coeficientes irrelevantes.","Generación de modelos parsimoniosos e interpretables que reducen el error cuadrático medio de predicción.","Alta"
"DOC_MOD_013","04_modelos","MOD-013","Learning Representations by Back-Propagating Errors","David E. Rumelhart, Geoffrey E. Hinton, Ronald J. Williams",1986,"Artículo de Revista","Demostrar cómo la propagación del gradiente del error a través de capas ocultas permite aprender representaciones internas complejas.","Regla de la cadena del cálculo multivariable aplicada al ajuste de pesos sinápticos.","Superación definitiva de las limitaciones del perceptrón simple para resolver problemas no linealmente separables (XOR).","Alta"
"DOC_MOD_014","04_modelos","MOD-014","SMOTE: Synthetic Minority Over-sampling Technique","Nitesh V. Chawla, Kevin W. Bowyer, Lawrence O. Hall, W. Philip Kegelmeyer",2002,"Artículo de Revista","Resolver el sesgo hacia la clase mayoritaria sintetizando nuevos ejemplos minoritarios en el espacio de características.","Interpolación lineal a lo largo de segmentos que unen vecinos cercanos de la clase minoritaria.","Mejora sustancial en curvas ROC y recall de la clase minoritaria sin incurrir en sobreajuste por duplicación simple.","Alta"
"DOC_MOD_015","04_modelos","MOD-015","A Unified Approach to Interpreting Model Predictions","Scott M. Lundberg, Su-In Lee",2017,"Conferencia Arbitrada","Unificar los métodos de interpretabilidad existentes mediante los valores de Shapley de la teoría de juegos cooperativos.","Formulación del marco SHAP (SHapley Additive exPlanations) garantizando propiedades de consistencia y aditividad local.","Atribución matemática rigurosa y no sesgada de la contribución individual de cada variable a cada predicción.","Alta"
