"ID_Transaccion","Leche","Pan","Huevos","Mantequilla","Cerveza","Cafe","Azucar","Manzanas"
10001,0,0,0,0,1,0,0,0
10002,0,1,0,1,0,1,1,1
10003,0,0,0,0,0,0,1,0
10004,1,0,0,0,0,1,0,1
10005,0,0,1,0,0,1,1,0
10006,0,1,0,0,1,0,0,0
10007,0,0,1,1,0,0,0,0
10008,1,0,0,0,0,0,0,0
10009,1,0,0,0,0,1,0,1
10010,0,1,0,0,0,0,0,0
10011,1,1,0,0,0,1,1,1
10012,1,1,1,0,0,0,0,0
10013,1,0,0,0,1,0,0,0
10014,1,1,0,1,0,0,0,1
10015,0,0,1,0,0,0,0,0
10016,0,1,1,0,0,0,1,0
10017,1,1,1,0,0,1,1,1
10018,0,0,1,0,1,0,0,0
10019,1,1,0,0,0,0,0,0
10020,0,0,0,1,1,1,1,0
10021,1,1,0,0,1,0,0,1
10022,1,0,0,0,1,0,0,1
10023,0,0,0,0,0,0,1,1
10024,0,0,0,0,1,1,1,1
10025,0,0,0,0,0,0,1,1
10026,0,1,0,0,0,0,0,0
10027,1,0,0,0,0,1,1,0
10028,1,1,0,0,0,1,1,0
10029,1,0,0,0,0,0,1,0
10030,0,1,0,1,0,1,1,0
10031,1,1,0,0,0,0,1,0
10032,0,0,1,0,0,0,1,0
10033,1,0,0,0,1,0,1,0
10034,0,0,1,1,0,1,0,0
10035,0,0,0,1,1,1,1,0
10036,1,0,0,0,0,0,0,1
10037,1,1,0,1,0,1,1,1
10038,0,0,1,0,0,1,0,1
10039,1,1,0,0,1,0,0,0
10040,0,0,1,0,0,0,0,0
10041,0,0,0,0,0,0,1,0
10042,1,1,1,0,0,0,1,0
10043,1,1,0,1,1,0,1,0
10044,0,0,0,1,0,1,0,0
10045,0,0,0,1,0,0,0,1
10046,0,0,1,0,0,1,1,1
10047,1,1,0,0,1,1,0,1
10048,1,0,0,0,0,1,1,0
10049,1,1,0,0,0,1,1,0
10050,0,0,0,0,0,0,0,0
10051,0,0,0,0,0,0,0,0
10052,1,1,0,1,0,0,0,1
10053,1,1,1,0,0,0,0,1
10054,1,1,0,0,0,1,1,1
10055,1,1,0,0,0,0,0,1
10056,0,0,1,0,1,0,1,0
10057,1,1,1,0,0,1,1,1
10058,0,0,1,1,0,0,0,0
10059,0,1,0,1,0,1,0,0
10060,1,0,1,1,0,1,1,0
10061,0,0,0,0,0,0,0,0
10062,1,1,0,1,0,0,1,0
10063,0,1,1,0,0,0,0,0
10064,0,0,0,1,0,1,0,0
10065,0,0,0,0,0,0,0,0
10066,1,0,1,0,0,0,0,0
10067,1,1,0,0,1,0,0,1
10068,0,1,0,0,0,0,0,1
10069,1,1,0,0,0,0,1,0
10070,0,0,1,1,0,1,0,1
10071,1,1,0,0,0,1,1,0
10072,1,0,0,0,0,0,1,1
10073,0,1,1,0,1,0,0,0
10074,1,1,0,0,0,0,0,0
10075,1,1,0,1,0,1,1,0
10076,1,1,0,1,1,1,1,0
10077,0,0,0,0,0,0,0,0
10078,1,1,0,0,0,1,1,0
10079,1,1,1,0,0,1,1,1
10080,0,0,0,0,0,1,0,0
10081,0,0,0,0,0,0,1,0
10082,1,0,1,0,0,1,1,0
10083,1,1,0,0,0,0,0,1
10084,1,1,0,0,0,1,1,0
10085,0,0,0,1,0,1,1,0
10086,0,0,0,1,0,0,1,0
10087,0,1,0,0,1,0,0,0
10088,1,1,0,0,0,0,0,1
10089,1,0,0,0,0,1,0,1
10090,1,1,0,0,1,1,1,1
10091,1,1,0,0,0,0,0,0
10092,0,0,0,1,0,0,0,1
10093,1,1,1,0,0,0,0,1
10094,0,0,0,0,0,0,1,0
10095,1,1,1,0,0,0,0,0
10096,0,0,0,0,0,0,0,0
10097,0,0,0,0,1,0,0,0
10098,1,1,0,0,0,0,1,0
10099,0,1,0,0,1,1,0,0
10100,1,1,0,0,1,0,0,1
10101,0,0,0,0,0,1,0,0
10102,0,0,0,0,0,0,0,0
10103,0,1,0,1,0,0,1,1
10104,1,1,0,1,0,1,0,0
10105,0,0,1,0,1,0,0,1
10106,1,1,0,0,0,0,1,0
10107,1,1,1,0,0,0,0,0
10108,0,0,0,0,0,0,0,0
10109,0,0,0,0,0,1,1,0
10110,1,1,1,0,0,0,0,0
10111,0,0,0,0,0,0,0,0
10112,0,0,0,0,0,0,0,0
10113,0,0,0,0,0,0,0,0
10114,1,1,1,0,0,0,0,0
10115,1,1,1,0,0,1,0,1
10116,1,0,1,0,0,1,1,1
10117,0,0,0,0,0,1,0,0
10118,1,1,1,0,0,0,0,0
10119,1,0,0,0,0,0,1,0
10120,1,0,0,0,0,0,0,1
10121,0,0,0,0,0,0,0,0
10122,1,1,0,1,1,0,0,1
10123,0,0,0,0,1,1,1,1
10124,0,1,0,0,0,1,0,0
10125,0,1,1,0,0,0,1,1
10126,1,1,1,0,0,0,0,0
10127,1,1,0,0,0,0,1,0
10128,1,1,1,0,0,1,1,1
10129,0,1,0,0,1,0,0,0
10130,0,0,1,1,1,1,1,0
10131,1,1,0,1,0,0,0,0
10132,0,0,0,1,0,0,1,0
10133,1,1,0,0,0,0,0,0
10134,1,1,0,0,0,1,0,1
10135,0,0,0,0,0,1,1,0
10136,0,0,0,1,0,1,1,0
10137,0,0,0,0,0,1,1,0
10138,1,0,1,0,0,0,1,0
10139,0,0,0,0,1,1,1,0
10140,0,1,0,0,1,0,0,0
10141,1,0,0,1,0,1,0,0
10142,0,1,0,0,0,1,0,0
10143,1,1,0,0,0,1,1,0
10144,0,1,1,0,0,0,1,0
10145,0,0,0,1,0,0,0,0
10146,1,0,0,1,0,0,0,0
10147,1,1,0,0,0,0,0,0
10148,0,0,0,1,0,0,0,1
10149,1,0,0,0,1,0,0,1
10150,0,1,0,1,0,0,1,0
10151,1,1,1,1,0,0,0,0
10152,1,1,0,0,0,0,0,1
10153,1,1,0,0,0,1,0,0
10154,1,1,0,0,1,0,0,0
10155,0,0,1,0,0,1,0,0
10156,0,0,0,0,0,0,0,0
10157,0,0,1,0,0,1,0,0
10158,0,0,0,0,1,1,1,0
10159,0,0,0,0,0,0,0,0
10160,1,0,0,0,0,0,0,1
10161,1,1,0,0,1,0,1,0
10162,0,1,0,0,0,1,1,0
10163,1,1,0,1,0,0,0,0
10164,1,1,0,0,0,1,1,0
10165,1,1,1,0,0,0,0,0
10166,1,1,0,0,0,0,1,0
10167,1,0,0,0,1,0,0,0
10168,0,0,0,0,0,0,0,0
10169,1,0,1,0,0,1,0,0
10170,1,1,0,0,1,0,0,0
10171,1,1,0,0,1,0,0,0
10172,0,0,0,1,0,0,0,0
10173,0,0,1,1,0,1,0,0
10174,1,1,0,1,1,0,1,1
10175,1,1,0,0,0,0,0,1
10176,1,1,0,0,0,0,1,1
10177,1,1,0,1,1,1,1,0
10178,0,0,0,0,0,0,0,1
10179,0,1,1,0,0,1,1,0
10180,1,1,1,1,0,0,0,1
10181,0,0,1,1,0,0,0,0
10182,1,1,0,1,0,0,0,0
10183,1,1,0,1,0,1,0,0
10184,0,0,0,1,1,1,1,0
10185,0,0,0,0,0,1,1,0
10186,0,0,0,0,0,0,0,1
10187,0,1,1,0,0,1,0,0
10188,0,0,1,1,0,1,1,0
10189,1,1,0,0,0,1,1,0
10190,0,0,0,0,0,1,0,1
10191,1,1,0,0,1,1,1,1
10192,1,0,0,0,1,0,1,0
10193,1,0,0,0,0,1,0,0
10194,1,1,0,0,1,0,0,0
10195,1,1,0,0,0,1,0,0
10196,1,0,0,0,0,1,0,1
10197,0,1,1,0,1,0,0,0
10198,0,1,1,0,0,0,0,0
10199,0,0,0,0,0,0,0,0
10200,0,1,1,0,0,0,1,0
10201,1,0,0,0,0,0,0,0
10202,0,0,1,0,0,0,0,0
10203,1,1,0,1,0,1,1,0
10204,0,1,1,0,0,0,0,0
10205,1,1,0,0,0,0,0,0
10206,0,1,0,0,0,1,0,0
10207,0,0,1,0,1,1,0,1
10208,1,1,0,0,0,0,0,0
10209,1,0,0,0,0,1,0,0
10210,0,1,0,0,0,0,0,1
10211,1,1,0,0,0,0,0,0
10212,1,1,1,0,0,0,1,0
10213,0,0,0,0,0,1,1,0
10214,1,0,1,0,0,1,0,1
10215,1,1,0,1,0,0,1,1
10216,0,0,0,1,0,0,0,0
10217,1,1,0,0,0,1,1,0
10218,1,1,0,1,0,1,1,0
10219,0,0,1,0,0,0,0,0
10220,0,0,0,0,0,0,1,0
10221,1,0,0,0,1,0,0,0
10222,0,1,1,1,0,1,1,1
10223,1,1,0,0,0,0,0,0
10224,1,1,0,0,0,0,0,1
10225,0,0,1,1,0,1,1,0
10226,1,0,0,0,0,0,0,0
10227,0,0,1,1,0,0,0,0
10228,0,0,0,0,1,1,1,0
10229,1,1,0,0,0,0,0,0
10230,1,1,0,0,0,1,0,0
10231,0,1,0,0,0,0,0,1
10232,0,0,1,1,0,0,0,1
10233,0,0,0,1,0,0,0,0
10234,1,1,1,0,0,1,1,0
10235,0,0,0,1,0,1,1,0
10236,1,1,1,0,1,0,0,0
10237,0,0,0,1,0,0,0,0
10238,0,0,0,0,0,1,0,1
10239,0,1,0,0,0,0,0,0
10240,0,0,0,0,0,0,0,0
10241,0,0,0,0,1,1,0,0
10242,1,0,0,1,1,0,0,1
10243,1,1,0,0,0,1,1,0
10244,0,0,0,0,0,0,0,0
10245,0,1,0,1,0,0,1,0
10246,1,1,0,0,0,1,1,0
10247,0,1,1,1,1,1,1,0
10248,1,1,0,1,0,1,1,0
10249,0,0,1,0,1,1,1,0
10250,1,1,0,0,0,0,0,0
10251,0,0,0,1,0,0,0,0
10252,0,0,0,0,0,1,1,0
10253,0,0,1,0,0,1,1,0
10254,1,1,1,0,0,0,0,1
10255,1,1,1,1,1,0,0,0
10256,0,0,0,0,1,0,0,0
10257,0,0,0,0,0,1,1,0
10258,0,0,0,0,0,1,1,1
10259,0,0,1,1,0,0,0,1
10260,0,0,0,0,0,0,0,0
10261,0,0,0,0,0,0,0,1
10262,0,1,0,0,0,0,1,0
10263,0,0,0,1,0,0,0,0
10264,1,1,0,0,0,0,0,0
10265,1,0,0,0,0,1,1,0
10266,0,1,0,0,1,1,0,0
10267,0,0,0,1,0,1,1,0
10268,1,0,0,0,0,1,1,0
10269,1,0,0,0,0,0,0,0
10270,0,0,0,0,0,0,1,0
10271,0,1,0,0,0,1,1,1
10272,0,1,1,1,0,1,1,0
10273,0,0,1,0,0,0,0,0
10274,0,0,1,0,1,1,0,0
10275,0,1,0,1,0,0,0,1
10276,1,1,0,1,0,1,1,0
10277,1,0,0,0,0,0,0,0
10278,0,0,0,0,0,0,0,1
10279,0,0,0,0,0,0,1,0
10280,0,0,0,0,0,0,0,0
10281,0,1,0,0,0,1,1,0
10282,1,1,1,0,0,0,0,1
10283,0,1,0,0,0,1,1,0
10284,1,1,1,0,0,0,0,1
10285,1,0,0,0,0,1,0,0
10286,1,1,0,0,0,0,0,1
10287,0,0,0,0,0,0,1,0
10288,1,1,1,0,0,0,0,1
10289,1,0,0,0,0,1,0,0
10290,0,0,0,0,1,1,1,0
10291,1,1,0,1,1,1,1,1
10292,0,1,0,0,1,1,1,1
10293,0,0,0,0,1,1,0,1
10294,1,1,0,0,0,0,0,0
10295,1,1,1,0,0,1,1,0
10296,1,1,0,0,0,1,1,0
10297,0,0,0,1,0,0,0,0
10298,1,1,0,0,0,0,0,0
10299,1,0,1,1,0,1,0,0
10300,0,0,1,0,0,0,0,0
10301,1,1,0,0,0,1,1,0
10302,0,0,0,0,0,0,0,0
10303,0,0,0,0,0,0,0,0
10304,0,0,1,1,0,0,0,0
10305,1,1,0,0,0,0,1,1
10306,0,0,1,0,0,0,1,0
10307,0,0,0,1,0,1,0,0
10308,0,1,1,1,1,0,0,0
10309,0,0,1,0,0,0,0,0
10310,1,0,1,0,0,0,1,0
10311,1,1,0,1,0,0,0,0
10312,0,1,0,0,0,1,1,0
10313,1,1,0,0,0,1,0,0
10314,1,1,1,0,1,0,0,0
10315,0,0,0,0,0,0,0,1
10316,0,0,1,0,0,1,0,1
10317,0,0,0,0,0,0,0,0
10318,1,1,0,1,0,0,1,1
10319,1,0,0,0,0,1,1,0
10320,0,0,1,0,0,1,0,0
10321,1,1,0,0,0,1,1,0
10322,1,1,0,0,0,0,1,1
10323,1,1,0,0,0,0,0,0
10324,1,0,1,0,0,1,1,0
10325,0,0,0,0,0,0,1,0
10326,0,0,0,0,0,1,1,1
10327,1,0,0,0,0,0,0,1
10328,1,1,0,0,1,0,0,1
10329,1,1,0,0,0,1,0,0
10330,1,0,0,0,0,1,0,0
10331,0,0,0,0,1,1,0,0
10332,0,1,1,1,0,0,0,0
10333,1,1,0,0,1,1,1,0
10334,0,0,0,0,0,0,0,1
10335,0,0,1,0,0,1,1,1
10336,1,0,0,0,0,0,0,0
10337,1,1,0,0,0,0,0,0
10338,1,1,0,0,0,0,0,0
10339,1,1,0,1,0,0,1,0
10340,1,1,1,1,0,0,0,0
10341,0,0,0,1,0,0,0,0
10342,1,0,0,0,0,1,0,0
10343,1,1,0,0,0,1,1,0
10344,0,1,0,0,1,1,0,1
10345,0,1,0,0,1,1,1,0
10346,1,0,0,0,1,1,1,0
10347,1,1,0,0,1,1,1,1
10348,0,0,0,1,0,0,0,0
10349,1,0,0,1,0,0,1,0
10350,0,0,0,1,0,1,0,1
10351,0,0,1,0,0,1,0,0
10352,1,1,1,1,0,0,0,0
10353,1,1,1,0,0,0,0,0
10354,0,0,0,0,1,1,1,0
10355,1,1,0,0,0,0,1,1
10356,0,0,0,0,1,0,0,0
10357,0,1,0,0,0,1,0,0
10358,0,0,0,0,0,1,0,1
10359,0,0,0,0,0,1,1,0
10360,1,1,0,1,0,0,0,0
10361,0,0,0,0,0,0,0,0
10362,0,0,1,0,0,0,0,0
10363,1,1,0,0,0,1,1,0
10364,0,0,0,0,1,0,0,0
10365,0,0,0,0,0,1,1,1
10366,1,1,0,0,0,0,1,0
10367,1,1,0,0,1,0,0,1
10368,1,1,0,0,0,0,1,1
10369,0,0,1,0,0,0,0,0
10370,1,1,0,0,1,0,0,0
10371,0,0,1,0,0,1,1,0
10372,1,0,1,0,0,0,0,1
10373,1,0,0,0,0,0,0,0
10374,1,1,0,1,0,1,1,0
10375,0,0,0,1,0,1,1,0
10376,1,0,0,0,0,0,0,0
10377,1,1,0,1,0,1,1,0
10378,0,0,0,1,0,0,0,0
10379,0,0,1,0,0,1,0,1
10380,0,0,0,1,0,0,0,0
10381,1,1,1,0,0,0,0,0
10382,0,1,0,0,0,0,1,0
10383,1,1,1,1,0,0,0,0
10384,0,0,0,0,1,1,1,0
10385,0,0,0,1,0,0,0,0
10386,0,0,0,0,0,1,1,1
10387,1,1,0,0,0,1,1,0
10388,0,1,0,1,0,0,1,1
10389,1,1,1,0,0,1,1,0
10390,0,0,0,0,0,0,0,1
10391,0,1,0,0,0,1,1,1
10392,1,1,0,0,0,1,1,0
10393,1,1,0,0,0,0,1,0
10394,1,1,0,0,0,1,0,0
10395,1,1,0,0,0,1,1,0
10396,1,0,1,1,0,1,1,1
10397,0,0,0,1,1,1,0,0
10398,0,0,0,0,0,0,1,1
10399,1,1,0,0,0,0,0,0
10400,0,1,1,1,0,0,0,0
10401,0,0,1,1,0,0,1,0
10402,0,0,0,0,0,1,1,0
10403,1,1,0,1,0,0,0,1
10404,0,0,0,1,0,0,0,1
10405,0,0,1,0,0,0,0,0
10406,1,0,1,0,1,0,0,1
10407,0,1,0,1,0,0,0,0
10408,1,1,0,0,0,0,0,0
10409,0,0,1,0,0,0,0,0
10410,0,1,0,0,0,0,0,0
10411,0,1,1,0,0,0,1,0
10412,0,0,0,0,0,1,1,1
10413,1,1,1,0,0,0,0,0
10414,0,1,0,1,1,1,1,0
10415,0,0,1,0,0,0,0,0
10416,0,0,0,0,0,1,1,0
10417,1,1,1,1,0,1,0,0
10418,0,1,0,0,0,0,0,0
10419,0,0,0,0,0,0,1,0
10420,1,0,0,0,0,1,1,0
10421,0,0,0,1,0,0,0,0
10422,0,0,0,1,0,1,1,0
10423,1,0,1,1,0,0,0,0
10424,1,1,0,0,0,0,0,0
10425,0,0,0,1,0,0,0,0
10426,1,1,0,0,1,1,1,1
10427,0,0,0,0,0,1,0,0
10428,1,1,0,1,0,1,1,1
10429,1,0,0,0,0,0,0,0
10430,0,1,0,0,0,0,0,0
10431,1,0,0,0,0,1,0,0
10432,0,0,1,0,0,0,1,0
10433,1,0,0,1,0,0,1,0
10434,1,1,0,0,0,1,1,0
10435,1,1,0,0,1,0,0,0
10436,0,0,0,1,0,0,0,0
10437,1,0,1,0,0,0,1,0
10438,1,0,0,0,0,0,0,1
10439,0,1,1,1,1,1,0,0
10440,0,0,0,0,0,0,1,0
10441,0,0,1,1,0,0,0,0
10442,0,0,0,1,0,0,0,1
10443,0,0,1,1,0,0,0,1
10444,1,1,0,1,1,0,0,0
10445,0,1,0,0,0,0,0,1
10446,0,0,0,0,0,1,0,1
10447,0,0,0,0,1,1,1,0
10448,0,0,1,0,0,1,1,0
10449,1,0,0,0,0,1,0,0
10450,0,0,0,1,0,0,0,0
10451,1,0,0,0,0,0,0,0
10452,0,0,0,0,1,1,1,0
10453,0,0,0,1,0,0,0,1
10454,0,0,0,0,0,0,0,0
10455,0,0,0,1,0,0,0,0
10456,0,1,1,0,1,0,0,0
10457,0,0,0,0,0,0,0,0
10458,1,1,0,1,0,0,0,1
10459,1,1,0,0,0,1,1,0
10460,0,1,0,0,0,0,1,0
10461,0,1,0,1,0,0,0,1
10462,1,1,0,0,0,1,1,0
10463,1,1,0,1,0,0,1,1
10464,1,1,0,0,0,1,0,0
10465,1,1,0,0,0,0,0,1
10466,1,1,0,1,0,0,0,0
10467,1,1,0,0,0,1,1,0
10468,0,1,0,0,0,1,0,0
10469,0,0,1,1,0,1,1,0
10470,0,0,0,0,0,1,0,0
10471,0,1,1,0,0,1,1,0
10472,0,0,0,0,1,0,1,0
10473,1,1,0,0,1,0,0,1
10474,1,0,0,0,0,1,1,0
10475,1,1,0,0,0,0,1,0
10476,0,1,0,0,0,0,0,0
10477,1,1,0,1,0,0,0,0
10478,0,0,0,0,0,0,0,0
10479,0,0,0,0,1,1,1,1
10480,0,0,1,0,1,1,1,0
10481,0,0,0,1,0,0,0,0
10482,0,1,0,0,0,0,0,0
10483,0,0,0,0,0,0,0,0
10484,1,1,1,0,0,0,0,0
10485,1,0,1,0,0,1,1,0
10486,0,0,1,0,1,1,0,0
10487,0,0,0,0,0,0,0,0
10488,1,1,0,0,0,1,1,1
10489,1,0,0,1,0,0,0,1
10490,0,0,0,0,0,0,1,0
10491,1,0,0,1,0,0,0,0
10492,0,0,1,0,1,0,0,0
10493,1,0,1,1,0,0,1,0
10494,1,1,0,0,1,0,0,0
10495,1,0,1,0,0,0,0,0
10496,1,1,1,0,0,1,1,0
10497,0,1,0,0,1,0,1,1
10498,1,0,1,0,0,0,0,0
10499,1,1,1,0,1,0,0,1
10500,0,0,0,0,0,0,0,0
