"ID_Cliente","Edad","Ingresos_Anuales","Historial_Moras","Ratio_Deuda_Ingreso","Incumplimiento_Pago"
1001,54,47350,3,0.14,0
1002,34,45977,0,0.75,0
1003,44,34971,1,0.34,0
1004,46,36632,2,0.39,0
1005,44,26358,2,0.77,1
1006,39,32623,1,0.47,0
1007,55,22649,1,0.34,0
1008,39,23397,2,0.54,0
1009,60,20350,0,0.19,0
1010,39,45034,0,0.73,0
1011,53,48380,0,0.46,0
1012,63,30045,0,0.67,0
1013,26,21452,1,0.73,0
1014,37,33945,1,0.37,0
1015,39,61903,0,0.14,0
1016,46,59496,1,0.34,0
1017,37,14362,0,0.38,0
1018,18,30717,1,0.52,1
1019,18,53399,1,0.58,1
1020,53,34541,2,0.24,0
1021,37,54169,0,0.78,0
1022,22,30997,1,0.12,0
1023,38,42260,0,0.29,0
1024,52,37691,0,0.31,0
1025,59,73749,1,0.75,0
1026,36,46045,1,0.52,1
1027,37,20522,0,0.33,0
1028,22,27753,0,0.49,0
1029,45,39443,1,0.21,0
1030,34,12188,2,0.42,1
1031,45,13347,0,0.19,0
1032,47,21538,0,0.14,0
1033,50,30825,0,0.39,0
1034,34,49867,0,0.48,0
1035,45,31710,0,0.44,1
1036,23,36949,0,0.52,0
1037,32,34225,1,0.36,0
1038,31,26537,0,0.79,0
1039,18,51346,0,0.7,1
1040,40,21842,0,0.11,1
1041,42,32259,2,0.5,1
1042,36,30826,0,0.21,0
1043,48,41386,1,0.42,0
1044,33,54287,1,0.54,0
1045,26,41166,2,0.29,0
1046,44,51588,1,0.17,0
1047,32,44157,3,0.17,0
1048,54,27505,0,0.78,0
1049,36,35979,0,0.12,0
1050,47,51513,0,0.73,1
1051,43,16265,1,0.51,0
1052,32,38897,1,0.56,0
1053,56,33119,0,0.46,0
1054,46,45533,1,0.27,0
1055,41,44002,1,0.74,0
1056,43,38613,1,0.5,1
1057,47,52914,0,0.53,1
1058,41,16694,1,0.47,0
1059,18,45929,0,0.65,0
1060,43,16046,1,0.64,1
1061,36,42053,1,0.46,0
1062,42,36076,0,0.31,0
1063,46,46607,1,0.24,0
1064,54,35946,1,0.41,0
1065,33,16176,1,0.53,0
1066,53,10906,2,0.56,1
1067,43,41492,1,0.54,0
1068,50,34119,0,0.6,0
1069,49,28148,0,0.24,0
1070,47,31267,2,0.37,1
1071,30,26943,0,0.44,0
1072,39,33112,1,0.32,0
1073,46,23824,2,0.78,0
1074,30,11204,1,0.68,1
1075,35,32365,1,0.19,0
1076,46,47543,1,0.43,0
1077,48,57528,0,0.75,0
1078,45,35031,3,0.2,1
1079,31,34032,0,0.39,0
1080,29,46556,1,0.16,0
1081,55,35643,0,0.75,1
1082,43,29781,0,0.67,0
1083,41,14152,0,0.24,0
1084,39,19836,1,0.54,0
1085,28,39876,0,0.43,1
1086,46,17484,0,0.54,1
1087,38,47581,0,0.54,0
1088,38,18843,0,0.72,1
1089,49,32677,1,0.42,0
1090,48,34972,0,0.74,0
1091,54,34846,1,0.62,0
1092,35,36823,1,0.63,0
1093,47,42182,0,0.4,0
1094,54,33485,0,0.12,0
1095,29,32018,0,0.72,0
1096,31,36924,1,0.34,0
1097,29,29796,0,0.5,1
1098,25,53449,0,0.13,0
1099,41,8957,1,0.63,1
1100,47,47324,1,0.71,0
1101,52,32018,1,0.18,0
1102,50,40068,0,0.27,0
1103,30,46852,1,0.28,0
1104,58,45027,1,0.11,0
1105,33,27074,1,0.7,1
1106,41,53769,0,0.39,0
1107,36,15524,1,0.59,1
1108,39,45367,2,0.32,0
1109,42,28861,1,0.41,1
1110,41,11992,1,0.67,1
1111,40,12610,1,0.42,1
1112,41,37942,3,0.34,1
1113,35,61682,1,0.64,0
1114,35,38281,4,0.78,1
1115,23,48569,2,0.39,0
1116,36,45064,1,0.57,0
1117,35,27145,0,0.47,1
1118,67,46448,0,0.19,0
1119,26,39235,2,0.13,0
1120,41,37479,1,0.13,0
1121,25,47013,0,0.77,0
1122,25,43969,0,0.34,0
1123,41,27481,1,0.64,0
1124,30,39743,2,0.26,0
1125,40,24294,1,0.66,0
1126,36,42570,2,0.35,1
1127,34,29808,0,0.12,0
1128,20,40426,0,0.55,0
1129,28,39416,0,0.44,0
1130,42,31755,1,0.29,0
1131,46,40586,0,0.34,0
1132,35,41892,0,0.15,0
1133,40,32232,1,0.16,0
1134,51,49067,1,0.76,1
1135,54,51712,0,0.64,0
1136,29,27056,1,0.77,1
1137,39,25672,1,0.72,0
1138,52,41162,2,0.79,0
1139,35,24040,0,0.3,0
1140,39,29607,0,0.65,0
1141,39,44635,2,0.39,0
1142,31,28118,1,0.36,0
1143,36,11862,1,0.77,1
1144,40,42973,0,0.45,0
1145,36,15770,0,0.13,0
1146,51,18745,2,0.19,0
1147,35,-1215,1,0.64,0
1148,36,44975,2,0.67,0
1149,47,38013,1,0.36,0
1150,29,40548,0,0.13,0
1151,40,45138,2,0.42,0
1152,24,34496,1,0.17,0
1153,52,21733,0,0.29,0
1154,37,41765,0,0.75,0
1155,35,50640,0,0.7,0
1156,28,16997,1,0.8,1
1157,40,27716,0,0.19,0
1158,32,31493,0,0.48,0
1159,35,19524,0,0.68,0
1160,53,43329,3,0.78,1
1161,38,27810,1,0.74,1
1162,29,50083,3,0.21,0
1163,42,35642,0,0.14,0
1164,36,43737,2,0.68,1
1165,46,53733,0,0.19,0
1166,54,38187,1,0.37,0
1167,30,47921,0,0.61,0
1168,45,37528,1,0.14,0
1169,41,16860,1,0.22,1
1170,49,35269,0,0.37,0
1171,38,43618,0,0.27,0
1172,48,40873,0,0.39,0
1173,23,32913,0,0.33,0
1174,57,20388,1,0.19,0
1175,49,42757,0,0.36,0
1176,38,24003,0,0.52,0
1177,26,19978,0,0.63,0
1178,46,42139,0,0.48,0
1179,45,20206,2,0.29,0
1180,40,37932,0,0.76,1
1181,42,35033,0,0.47,0
1182,34,19061,2,0.71,0
1183,44,49156,1,0.64,0
1184,43,27886,2,0.59,0
1185,37,49400,0,0.14,0
1186,27,29300,1,0.64,0
1187,47,28099,0,0.27,0
1188,46,34625,0,0.18,0
1189,32,30703,1,0.66,0
1190,24,30721,2,0.79,1
1191,42,24468,1,0.35,0
1192,37,20445,0,0.16,0
1193,43,42359,2,0.1,0
1194,27,25326,2,0.41,0
1195,30,18483,1,0.24,1
1196,51,28906,0,0.14,0
1197,44,25389,0,0.65,0
1198,46,8687,0,0.32,1
1199,58,31509,4,0.33,1
1200,41,37006,1,0.79,0
1201,20,38536,0,0.34,0
1202,43,39713,1,0.59,1
1203,52,22990,0,0.41,0
1204,61,31091,0,0.35,0
1205,26,22900,0,0.63,0
1206,28,27375,1,0.64,1
1207,33,20482,1,0.32,0
1208,29,21602,0,0.28,0
1209,34,42559,1,0.58,0
1210,38,31730,0,0.61,0
1211,28,31894,1,0.6,0
1212,60,55755,0,0.41,0
1213,41,34299,1,0.21,0
1214,39,28555,1,0.18,0
1215,45,43967,0,0.43,0
1216,40,29153,0,0.75,0
1217,39,51475,2,0.31,0
1218,55,30468,0,0.42,0
1219,38,27606,2,0.56,0
1220,27,20982,1,0.39,0
1221,44,38944,0,0.15,0
1222,36,52598,1,0.17,0
1223,35,30728,1,0.76,0
1224,29,38138,0,0.76,0
1225,44,39000,1,0.74,0
1226,38,52066,0,0.2,0
1227,45,42967,2,0.24,0
1228,38,22116,0,0.56,1
1229,33,26637,1,0.28,0
1230,53,26046,1,0.69,0
1231,37,36699,0,0.23,0
1232,49,34953,2,0.76,0
1233,28,39415,1,0.41,0
1234,35,27112,1,0.7,1
1235,37,30484,0,0.32,0
1236,36,43896,3,0.72,1
1237,53,33805,1,0.48,1
1238,40,27149,1,0.55,1
1239,42,46654,3,0.12,0
1240,31,35162,2,0.39,1
1241,33,24002,0,0.49,0
1242,50,55516,0,0.2,0
1243,53,20983,2,0.45,1
1244,52,13628,0,0.5,0
1245,26,7962,2,0.14,1
1246,60,42814,0,0.6,0
1247,50,28606,0,0.53,0
1248,40,31693,0,0.21,0
1249,47,38476,0,0.47,0
1250,30,29402,1,0.66,0
1251,29,15703,0,0.39,0
1252,40,11603,0,0.32,0
1253,28,30912,0,0.45,0
1254,42,37097,2,0.55,0
1255,53,7667,1,0.55,0
1256,30,38486,1,0.45,0
1257,33,40068,0,0.54,0
1258,40,50537,1,0.35,0
1259,30,36977,0,0.33,0
1260,36,37459,1,0.13,1
1261,49,42255,0,0.71,0
1262,50,34770,2,0.46,0
1263,44,34043,1,0.44,0
1264,21,36392,1,0.19,0
1265,39,43930,1,0.41,0
1266,51,29825,1,0.25,0
1267,48,29006,2,0.68,0
1268,38,24618,0,0.66,0
1269,18,23507,0,0.69,0
1270,41,38922,1,0.77,0
1271,46,53568,0,0.27,0
1272,40,23374,0,0.66,0
1273,42,32739,1,0.21,0
1274,44,22640,0,0.31,0
1275,36,45897,1,0.27,0
1276,53,31191,1,0.52,0
1277,45,37148,1,0.18,0
1278,28,39176,1,0.53,1
1279,54,22349,1,0.13,0
1280,52,33743,1,0.54,0
1281,48,32260,0,0.54,0
1282,23,43104,1,0.44,0
1283,34,20201,2,0.41,1
1284,46,20600,1,0.19,0
1285,40,44190,1,0.62,0
1286,43,27943,3,0.6,0
1287,65,27076,2,0.45,0
1288,32,36356,2,0.29,0
1289,19,31155,0,0.56,0
1290,43,57397,1,0.18,0
1291,33,38114,0,0.32,0
1292,44,36939,0,0.53,0
1293,32,46173,0,0.22,0
1294,62,34281,0,0.41,0
1295,39,35585,0,0.65,0
1296,35,22125,2,0.34,0
1297,38,7484,3,0.64,1
1298,49,20514,0,0.18,0
1299,41,36369,0,0.13,0
1300,24,22600,1,0.32,0
1301,40,43266,0,0.67,0
1302,48,43701,2,0.68,1
1303,40,37609,2,0.13,1
1304,47,32580,1,0.67,0
1305,39,18612,1,0.44,0
1306,39,31293,1,0.26,1
1307,45,29565,1,0.34,0
1308,50,42959,3,0.2,0
1309,28,50704,4,0.41,1
1310,40,41012,3,0.16,1
1311,39,21461,1,0.7,1
1312,32,55052,2,0.48,0
1313,30,47124,3,0.17,0
1314,34,37682,3,0.72,1
1315,46,8522,1,0.38,0
1316,36,23545,0,0.19,0
1317,32,34177,0,0.8,0
1318,42,44136,0,0.75,0
1319,28,20841,0,0.15,0
1320,50,73534,3,0.71,0
1321,35,4354,1,0.29,0
1322,42,32169,1,0.54,0
1323,41,31885,0,0.44,0
1324,40,27040,2,0.47,0
1325,58,31172,1,0.51,0
1326,32,43909,2,0.7,0
1327,51,24508,3,0.31,1
1328,40,10006,1,0.3,0
1329,32,36125,1,0.38,1
1330,39,34978,3,0.32,0
1331,47,34843,0,0.7,0
1332,36,43016,0,0.4,0
1333,32,34842,0,0.4,0
1334,42,44313,0,0.38,0
1335,50,10871,0,0.52,0
1336,39,21462,0,0.5,0
1337,26,39186,0,0.55,1
1338,27,30765,0,0.68,1
1339,32,46337,1,0.56,0
1340,35,22943,0,0.48,0
1341,40,43687,1,0.58,0
1342,47,26974,2,0.13,0
1343,36,21644,1,0.47,1
1344,29,30886,0,0.66,0
1345,46,35597,1,0.27,0
1346,43,20268,1,0.78,0
1347,52,25832,0,0.43,0
1348,23,20046,3,0.1,0
1349,41,47201,1,0.22,0
1350,54,43683,0,0.75,0
1351,47,22610,1,0.48,1
1352,32,41688,2,0.58,1
1353,47,31933,1,0.35,0
1354,31,21639,0,0.63,0
1355,35,40054,3,0.42,0
1356,52,31125,2,0.3,0
1357,37,45562,0,0.2,0
1358,48,32662,1,0.68,1
1359,37,49257,2,0.37,0
1360,24,28883,1,0.66,0
1361,32,37635,1,0.2,0
1362,29,39444,1,0.45,1
1363,35,38349,0,0.34,0
1364,37,37423,0,0.7,0
1365,38,34844,0,0.59,1
1366,38,33910,0,0.63,0
1367,59,51380,0,0.52,0
1368,26,45898,0,0.43,0
1369,36,27681,0,0.67,0
1370,43,51757,2,0.74,0
1371,56,36738,0,0.58,0
1372,41,27313,0,0.6,0
1373,52,37038,0,0.48,0
1374,24,33114,0,0.39,0
1375,54,36211,0,0.69,0
1376,33,23319,0,0.15,0
1377,37,25162,0,0.72,0
1378,29,51355,1,0.61,0
1379,41,46536,0,0.16,0
1380,58,24395,0,0.17,0
1381,64,24199,1,0.67,0
1382,29,55680,2,0.19,0
1383,45,57909,1,0.65,0
1384,54,25674,1,0.24,0
1385,38,19372,1,0.68,0
1386,38,66482,2,0.12,0
1387,37,37756,1,0.23,0
1388,46,37241,0,0.44,0
1389,54,35914,1,0.79,0
1390,47,51858,1,0.23,0
1391,43,32699,2,0.1,0
1392,37,52513,0,0.18,0
1393,45,32352,0,0.45,0
1394,35,41062,1,0.33,0
1395,37,22598,0,0.48,0
1396,51,37046,1,0.6,0
1397,44,49408,1,0.41,0
1398,42,33039,2,0.48,0
1399,37,50390,1,0.64,1
1400,49,67726,2,0.61,0
1401,53,46303,0,0.48,0
1402,31,32017,0,0.27,0
1403,41,36158,1,0.25,0
1404,40,29793,1,0.55,1
1405,34,61144,1,0.74,1
1406,30,-505,3,0.76,1
1407,40,35971,1,0.37,0
1408,47,36322,0,0.2,0
1409,55,37561,2,0.61,0
1410,21,16306,1,0.44,1
1411,33,37595,2,0.28,0
1412,37,37252,1,0.68,0
1413,23,50103,0,0.2,0
1414,32,41282,1,0.52,1
1415,32,48385,3,0.29,0
1416,33,23510,1,0.76,1
1417,18,33507,1,0.2,0
1418,42,37301,2,0.74,0
1419,34,38267,0,0.59,0
1420,55,26674,0,0.29,0
1421,48,52750,0,0.14,0
1422,25,27659,1,0.59,1
1423,41,15628,2,0.21,1
1424,34,39830,1,0.22,1
1425,49,42975,1,0.46,0
1426,41,46330,0,0.34,1
1427,34,23645,2,0.13,0
1428,44,32021,2,0.69,0
1429,42,19059,1,0.31,0
1430,38,45137,0,0.44,0
1431,60,39172,0,0.37,0
1432,35,45965,3,0.56,1
1433,35,42299,3,0.74,1
1434,25,27709,1,0.66,1
1435,40,37156,0,0.38,0
1436,49,12099,0,0.2,0
1437,19,41035,1,0.31,1
1438,37,46627,2,0.3,0
1439,28,24491,1,0.28,0
1440,54,9368,1,0.65,1
1441,54,16726,1,0.57,1
1442,43,21643,3,0.42,1
1443,54,49892,1,0.36,0
1444,31,35042,0,0.29,0
1445,50,20146,0,0.31,0
1446,34,41668,0,0.43,0
1447,43,8802,2,0.37,0
1448,37,32036,0,0.12,0
1449,37,48354,0,0.7,0
1450,45,30900,0,0.2,0
1451,27,50665,0,0.76,0
1452,37,56544,1,0.49,0
1453,42,20986,1,0.28,0
1454,36,21173,0,0.13,0
1455,41,24027,1,0.46,0
1456,37,41345,0,0.45,0
1457,56,45021,1,0.36,0
1458,47,49510,1,0.5,0
1459,70,50594,1,0.78,0
1460,32,47909,1,0.16,0
1461,48,46278,0,0.61,1
1462,61,36960,1,0.65,0
1463,43,24342,1,0.13,0
1464,29,26286,1,0.24,1
1465,30,39891,1,0.33,0
1466,40,55202,0,0.5,0
1467,53,55472,2,0.11,1
1468,48,11886,0,0.16,0
1469,19,24992,1,0.42,1
1470,33,52030,1,0.41,0
1471,40,22231,2,0.63,1
1472,25,15637,1,0.71,0
1473,47,42198,0,0.23,0
1474,18,55796,2,0.63,0
1475,41,58214,1,0.17,0
1476,36,41394,0,0.25,0
1477,35,43636,1,0.73,0
1478,37,41721,0,0.66,0
1479,43,34783,0,0.22,0
1480,44,-5461,1,0.79,0
1481,38,44128,1,0.67,1
1482,21,30305,2,0.41,1
1483,26,47119,0,0.51,0
1484,25,27476,0,0.72,0
1485,48,15385,1,0.67,1
1486,38,49943,0,0.62,0
1487,43,37177,0,0.69,0
1488,24,76944,1,0.38,0
1489,35,45987,0,0.71,0
1490,46,47582,0,0.73,0
1491,38,44166,2,0.72,1
1492,39,27759,1,0.11,0
1493,39,30555,2,0.53,1
1494,52,47718,3,0.42,0
1495,34,47661,2,0.5,1
1496,47,41996,0,0.73,0
1497,49,23161,0,0.22,0
1498,28,55215,0,0.64,0
1499,41,18598,1,0.18,1
1500,40,29801,1,0.64,1
