"Varianza_Ondicula","Asimetria_Ondicula","Curtosis_Ondicula","Autenticidad"
-0.192,2.516,1.032,0
2.507,1.528,0.914,0
2.251,0.311,-0.559,1
-0.926,-3.158,1.405,1
1.303,2.732,0.52,1
2.007,5.161,1.444,0
-0.125,-0.836,0.036,0
-3.319,2.168,-0.699,0
-1.724,5.992,1.532,0
-3.971,-1.134,0.188,0
-0.968,1.807,0.565,0
1.112,-2.52,-0.257,1
0.095,3.8,1.177,0
-0.93,-2.117,-0.934,0
0.636,7.493,-1.493,0
0.243,-0.356,0.276,1
3.12,1.01,-0.143,1
0.959,-3.52,2.431,1
-2.064,0.232,-0.221,0
-2.796,-3.094,2.2,1
2.854,0.346,-0.352,1
2.642,-0.721,5.243,1
2.084,-6.896,-0.764,1
0.822,0.183,1.094,0
1.578,3.622,0.422,0
1.426,0.959,-0.96,0
3.714,1.198,1.311,1
2.023,-2.939,0.902,0
-2.138,4.187,-0.52,0
-0.626,3.575,-0.541,0
-4.493,6.476,0.182,0
0.713,2.116,-1.162,0
-3.343,0.894,-2.465,0
2.09,0.548,2.063,1
-0.256,5.162,2.01,0
-1.868,1.989,-0.288,0
-2.783,0.113,3.363,0
-1.046,5.227,-0.019,0
-1.298,-2.003,0.983,0
2.63,-4.788,-0.721,1
-1.338,0.742,1.956,0
-0.474,2.995,3.603,1
-0.175,-0.946,-0.269,1
-0.039,0.818,2.626,1
-0.085,0.375,2.67,0
1.289,-3.931,1.926,1
-4.446,3.655,0.951,0
-1.767,-0.164,1.54,0
-2.534,-0.501,5.18,0
0.172,3.119,-1.515,0
-1.916,4.693,0.956,0
0.742,-1.128,-1.601,0
-0.477,1.601,-0.858,0
2.226,1.654,-1.521,1
3.466,-3.114,0.143,1
2.854,0.164,-0.56,0
0.786,7.77,1.556,0
1.272,-0.814,2.652,1
-0.984,0.96,-1.169,0
-2.822,4.897,-0.032,0
2.175,-1.486,2.132,1
0.299,-1.825,0.262,1
-0.27,2.783,3.061,0
-0.551,3.5,-1.215,0
-0.087,-2.106,0.088,0
-2.092,-1.942,0.939,0
-0.376,-1.343,0.722,1
-0.857,-1.655,-2.349,0
3.468,4.562,-0.352,0
1.601,-4.281,2.556,1
-0.204,0.19,1.937,0
-0.557,-3.599,0.054,0
1.081,-0.704,-1.912,1
0.306,7.467,0.452,0
-2.038,3.14,-0.842,0
-1.492,5.387,0.735,0
-1.294,0.912,1.733,0
-2.152,-1.825,-1.189,0
-0.693,-5.071,0.338,1
0.324,3.537,0.548,0
-0.821,0.556,0.39,0
-0.619,3.928,1.468,0
1.03,1.048,1.278,0
0.161,3.87,1.046,0
-1.534,6.783,0.224,0
1.35,6.843,1.536,0
-1.934,-0.088,-0.893,0
2.717,0.024,0.625,1
-3.201,2.265,1.364,0
-0.379,0.093,1.248,0
0.09,1.786,-0.101,0
2.459,-2.228,0.704,1
0.583,2.304,1.32,0
-2.88,2.645,-0.954,0
-2.776,2.418,-1.217,0
2.001,-3.631,-4.16,1
2.353,0.917,-0.993,0
-0.198,2.77,1.168,0
-2.584,2.288,3.65,0
-5.036,3.523,-0.638,0
-2.265,1.252,0.368,0
-0.948,-1.807,0.711,0
-2.411,2.751,1.498,0
-1.465,2.573,-1.36,0
-2.243,5.581,0.823,0
-0.832,0.475,1.146,0
2.58,3.67,-1.722,0
-0.266,-0.927,-1.363,0
-0.46,-2.971,-3.958,0
1.971,0.898,0.54,0
-0.711,1.059,-1.001,0
-1.076,-4.546,1.543,1
2.689,3.51,1.346,0
0.279,1.827,0.229,1
0.961,3.075,0.877,0
-1.056,4.524,0.195,0
4.898,0.362,1.238,1
-0.472,-4.757,0.189,0
-0.08,1.545,0.53,0
-1.14,-1.779,2.223,0
-0.695,0.096,0.3,0
-1.236,3.886,0.827,0
-0.155,5.07,1.28,0
-4.251,-1.306,0.493,0
-0.106,2.026,0.834,0
-0.298,1.177,0.86,0
-0.094,2.644,3.933,0
2.18,-2.397,0.898,1
-4.792,-2.13,-0.103,0
-3.11,-2.51,-2.207,0
-0.197,0.685,-1.207,0
-1.403,-0.272,1.117,0
2.474,2.772,-1.997,1
0.286,0.614,1.41,1
2.601,5.144,-0.601,0
-5.268,-2.552,1.564,0
-0.594,1.465,-0.881,0
0.699,3.477,0.521,0
-0.638,-1.761,1.415,0
0.505,-0.102,-0.834,0
-0.029,-0.164,-2.131,0
0.531,4.175,-2.074,0
-1.565,-0.122,0.786,0
0.551,5.806,2.475,0
2.451,1.011,1.47,1
-1.608,-1.748,1.733,1
-0.094,2.377,2.395,1
-0.754,5.368,2.22,0
2.144,1.375,-0.493,1
-0.182,-0.474,1.535,0
4.241,-0.332,-0.731,1
-4.08,-3.61,1.115,0
-2.605,-1.365,1.379,0
0.149,3.423,1.998,0
-0.316,-0.517,1.063,1
0.89,0.555,0.668,0
1.252,1.846,1.682,1
-0.914,2.921,0.577,0
2.09,1.588,-1.474,0
0.964,4.078,-0.715,0
1.28,-1.422,0.184,0
2.173,0.226,0.989,1
-1.119,3.524,-2.22,0
0.56,4.619,0.613,0
-0.133,-2.195,-0.847,0
-3.422,-2.337,-0.668,0
-1.073,-1.923,0.345,0
-0.587,-0.489,-1.199,0
2.138,-2.677,-1.067,1
-2.494,2.803,0.925,0
-2.099,-2.287,0.054,0
-3.624,-1.656,-0.025,0
1.041,1.245,2.398,0
-2.316,2.383,2.55,0
-1.337,1.708,2.282,0
-0.024,2.316,1.037,0
2.608,1.04,2.098,0
0.054,4.254,-2.072,0
0.156,-0.753,-0.029,0
1.543,1.314,4.811,1
2.166,-0.53,1.065,1
-0.739,2.887,0.189,0
1.777,2.631,0.643,0
2.092,-1.969,0.184,1
-1.459,-3.382,-0.466,0
0.856,1.765,-0.942,0
-2.077,2.637,0.114,0
2.479,0.222,1.949,1
0.533,2.855,-0.684,0
0.082,2.285,-0.536,0
-3.375,0.098,1.931,0
-1.253,2.396,0.176,0
-1.802,1.721,1.05,0
0.808,6.409,-0.296,0
0.26,2.401,0.205,0
-1.865,3.25,-0.157,0
0.004,8.192,-0.179,0
0.641,3.905,-0.915,0
4.066,-0.893,0.359,1
2.137,1.671,2.294,1
-0.141,0.527,-0.172,0
3.194,-1.507,1.61,1
-1.3,1.187,-1.963,0
1.12,0.82,1.493,0
0.716,5,3.594,0
-0.432,1.076,-0.759,0
-1.171,0.557,3.021,0
-1.929,-2.569,2.043,0
-3.475,1.514,0.107,0
-1.08,1.1,1.684,0
-0.276,-1.984,-1.321,1
-3.382,3.793,0.843,0
0.601,4.909,1.726,0
-2.107,0.864,0.947,0
1.253,2.311,-0.036,0
-2.142,-0.063,1.038,0
0.897,1.762,1.051,0
-3.856,1.385,-0.014,0
0.731,-3.486,-0.282,0
1.816,4.056,-2.621,0
-1.34,0.931,-0.816,0
2.985,4.901,-0.681,1
1.461,4.887,-0.95,0
0.902,-1.152,2.08,1
3.494,6.277,-0.211,0
1.42,4.451,3.268,0
-1.559,3.629,-0.531,0
0.39,-2.846,0.089,1
3.048,2.81,-0.465,1
0.469,-2.523,0.999,1
-2.335,0.221,1.564,0
-0.566,-3.262,-0.152,0
1.995,2.602,1.661,1
1.054,1.86,-0.664,0
-0.357,1.343,0.455,0
0.443,5.748,1.577,0
0.951,-0.36,3.191,0
1.725,2.196,1.535,0
2.334,1.6,0.846,0
0.255,0.824,0.75,0
0.518,3.251,-1.242,1
2.184,-6.214,-1.198,1
-1.935,-5.417,0.339,0
0.453,2.329,-1.606,0
-2.061,1.016,0.087,0
2.358,0.123,0.739,0
-1.681,3.628,-0.158,0
-0.708,-3.515,1.583,1
-1.839,-0.21,2.638,1
1.781,-0.72,0.942,1
-0.777,1.207,2.145,0
-2.14,-0.616,1.091,0
0.876,2.738,-1.51,0
0.725,5.356,-0.991,0
2.783,4.535,-1.647,0
-2.715,-1.535,2.964,0
0.267,-0.143,-0.049,0
0.079,0.223,0.396,1
0.227,-0.989,1.31,0
-0.06,-1.393,-0.762,1
-2.344,-0.222,1.497,0
-0.569,5.764,-3.305,0
-2.65,-9.452,-0.309,0
1.028,-2.583,0.226,1
2.068,-2.296,3.071,1
-3.035,-1.479,1.212,0
2.138,1.009,-1.912,0
1.904,3.735,-1.45,0
-0.985,1.135,0.097,0
0.035,5.18,-0.744,0
1.535,0.386,0.63,0
0.178,1.614,1.112,0
1.646,2.517,-0.542,0
-0.115,-1.317,0.266,0
-0.237,-1.145,3.587,1
-1.507,3.446,2.636,0
3.687,6.207,0.57,0
-0.222,-0.784,0.735,1
3.579,-0.636,-0.439,1
2.053,0.945,2.524,1
1.314,4.581,0.614,0
-1.614,-1.495,-1.21,0
-1.038,-3.771,1.088,1
2.194,2.331,0.574,0
0.22,2.729,-0.462,0
-0.804,2.3,1.169,0
-2.998,3.602,-0.063,0
-2.424,-0.746,1.488,0
5.391,-2.481,4.277,1
-0.969,2.974,3.534,0
-0.111,2.414,1.786,0
-0.064,0.55,2.651,0
-1.138,2.391,-0.139,0
-1.565,1.478,0.597,0
-0.224,1.059,2.302,1
-2.485,6.979,0.6,0
1.861,1.584,1.224,0
-0.496,-3.145,2.803,0
3.008,0.122,-0.845,1
2.077,-1.755,3.658,1
