"ID","Titulo","Autores","Anio","Tipo_Publicacion","Revista_Conferencia","DOI","URL_Scholar","Nivel_Pertinencia","Objetivo_Estudio","Metodologia_Utilizada","Principales_Resultados"
"DOC_MD_001","From Data Mining to Knowledge Discovery in Databases","Usama Fayyad, Gregory Piatetsky-Shapiro, Padhraic Smyth",1996,"Artículo de Revista","AI Magazine (AAAI), Vol. 17, No. 3, pp. 37-54","10.1609/aimag.v17i3.1320","https://scholar.google.com/scholar?q=From+Data+Mining+to+Knowledge+Discovery+in+Databases+Fayyad","Alta","Formalizar conceptualmente el campo de la minería de datos diferenciándolo del proceso global de descubrimiento de conocimiento.","Marco teórico conceptual y taxonómico de etapas analíticas.","Definición estándar de KDD como proceso multidisciplinario y acotación de la minería a la fase algorítmica de ajuste de patrones."
"DOC_MD_002","Top 10 Algorithms in Data Mining","Xindong Wu, Vipin Kumar, J. Ross Quinlan, Joydeep Ghosh, Qiang Yang, Hiroshi Motoda, Geoffrey J. McLachlan, Angus Ng, Bing Liu, Philip S. Yu, Zhi-Hua Zhou, Michael Steinbach, David J. Hand, Dan Steinberg",2008,"Artículo de Revista","Knowledge and Information Systems, Vol. 14, No. 1, pp. 1-37","10.1007/s10115-007-0114-2","https://scholar.google.com/scholar?q=Top+10+algorithms+in+data+mining+Wu+Kumar","Alta","Identificar y describir los 10 algoritmos más influyentes y de mayor impacto en la investigación y práctica de minería de datos.","Proceso de nominación por paneles de expertos de IEEE ICDM y revisión por pares estructurada.","Consolidación de la taxonomía algorítmica de métodos supervisados, no supervisados y de ranking."
"DOC_MD_003","Data Mining Techniques and Applications: A Decade Review from 2000 to 2011","Shu-Hsien Liao, Pei-Hui Chu, Pei-Yuan Hsiao",2012,"Artículo de Revista","Expert Systems with Applications, Vol. 39, No. 12, pp. 11303-11311","10.1016/j.eswa.2012.02.063","https://scholar.google.com/scholar?q=Data+mining+techniques+and+applications+a+decade+review+Liao","Alta","Revisar sistemáticamente la literatura científica de minería de datos entre 2000 y 2011 clasificando técnicas y aplicaciones.","Mapeo sistemático y análisis bibliométrico sobre 216 artículos de revistas especializadas.","Identificación de redes neuronales, árboles de decisión y reglas de asociación como técnicas dominantes."
"DOC_MD_004","Fast Algorithms for Mining Association Rules in Large Databases","Rakesh Agrawal, Ramakrishnan Srikant",1994,"Conferencia Arbitrada","Proc. of the 20th Int. Conf. on Very Large Data Bases (VLDB), pp. 487-499","10.5555/645920.672836","https://scholar.google.com/scholar?q=Fast+Algorithms+for+Mining+Association+Rules+in+Large+Databases+Agrawal","Alta","Presentar algoritmos escalables para descubrir reglas de asociación en transacciones masivas.","Diseño algorítmico (Apriori y AprioriTid) y pruebas empíricas sobre bases sintéticas y reales.","Reducción del espacio de búsqueda mediante la propiedad antimonótona de los conjuntos frecuentes."
"DOC_MD_005","Some Methods for Classification and Analysis of Multivariate Observations","James MacQueen",1967,"Conferencia Arbitrada","Proc. of the 5th Berkeley Symposium on Mathematical Statistics and Probability, Vol. 1, pp. 281-297","10.5555/bsmsp.1967.1.281","https://scholar.google.com/scholar?q=Some+methods+for+classification+and+analysis+of+multivariate+observations+MacQueen","Alta","Formalizar el algoritmo K-Means para particionamiento óptimo de observaciones multivariadas continuas.","Formulación matemática de convergencia y minimización de varianza intra-cluster.","Demostración de convergencia asintótica y formulación del algoritmo K-Means particional estándar."
"DOC_MD_006","LOF: Identifying Density-Based Local Outliers","Markus M. Breunig, Hans-Peter Kriegel, Raymond T. Ng, Jörg Sander",2000,"Conferencia Arbitrada","Proc. of the ACM SIGMOD Int. Conf. on Management of Data, pp. 93-104","10.1145/335191.335388","https://scholar.google.com/scholar?q=LOF+identifying+density-based+local+outliers+Breunig","Alta","Introducir el concepto de factor de valor atípico local (LOF) basado en densidad relativa para detección de anomalías.","Definición matemática de densidad de alcanzabilidad local y validación experimental.","Capacidad de detectar anomalías locales en conjuntos de datos con clústeres de diferentes densidades."
"DOC_MD_007","Latent Dirichlet Allocation","David M. Blei, Andrew Y. Ng, Michael I. Jordan",2003,"Artículo de Revista","Journal of Machine Learning Research (JMLR), Vol. 3, pp. 993-1022","10.1162/jmlr.2003.3.4-5.993","https://scholar.google.com/scholar?q=Latent+Dirichlet+Allocation+Blei+Ng+Jordan","Alta","Desarrollar un modelo probabilístico generativo para colecciones de datos discretos como corpus de texto.","Inferencia variacional bayesiana y estimación de parámetros latentes mediante EM.","Descubrimiento no supervisado de tópicos semánticos subyacentes en grandes volúmenes de documentos."
"DOC_MD_008","Graph-Based Data Mining","Diane J. Cook, Lawrence B. Holder",2000,"Artículo de Revista","IEEE Intelligent Systems, Vol. 15, No. 2, pp. 32-41","10.1109/5254.850825","https://scholar.google.com/scholar?q=Graph-Based+Data+Mining+Cook+Holder","Alta","Desarrollar métodos para descubrir patrones y subestructuras repetitivas en bases de datos representadas como grafos.","Principio de longitud mínima de descripción (MDL) aplicado a compresión de grafos (sistema Subdue).","Extracción eficiente de dependencias estructurales en química, telecomunicaciones y redes."
"DOC_MD_009","On Evaluating Stream Learning Algorithms","Joao Gama, Raquel Sebastiao, Pedro Pereira Rodrigues",2013,"Artículo de Revista","Machine Learning, Vol. 90, No. 3, pp. 317-346","10.1007/s10994-012-5320-9","https://scholar.google.com/scholar?q=On+evaluating+stream+learning+algorithms+Gama","Alta","Establecer protocolos y métricas rigurosas para evaluar algoritmos de minería de datos continuos y adaptativos.","Análisis comparativo de prequential error, mecanismos de olvido y ventanas deslizantes.","Estandarización de metodologías de prueba para algoritmos online en presencia de concept drift."
"DOC_MD_010","Spatial Data Mining: A Direction in the Next Generation of Database Systems","Shashi Shekhar, Pusheng Zhang, Yan Huang, Ranga Raju Vatsavai",2003,"Libro / Capítulo","Data Mining: Next Generation Challenges and Future Directions, AAAI/MIT Press, pp. 267-288","10.5555/1074092.1074109","https://scholar.google.com/scholar?q=Trends+in+spatial+data+mining+Shekhar","Alta","Abordar los retos algorítmicos derivados de la violación del supuesto de independencia estadística en datos espaciales.","Modelado geoespacial, cálculo de patrones de colocación y métricas de autocorrelación espacial.","Adaptación de algoritmos de clustering y asociación a geometrías y topologías continuas."
"DOC_MD_011","Educational Data Mining: A Review of the State of the Art","Cristobal Romero, Sebastian Ventura",2010,"Artículo de Revista","IEEE Transactions on Systems, Man, and Cybernetics, Part C, Vol. 40, No. 6, pp. 601-618","10.1109/TSMCC.2010.2053532","https://scholar.google.com/scholar?q=Educational+data+mining+a+review+of+the+state+of+the+art+Romero+Ventura","Alta","Sintetizar la taxonomía, métodos y aplicaciones de la minería de datos aplicada al ámbito pedagógico y sistemas e-learning.","Revisión sistemática exhaustiva de publicaciones entre 1995 y 2009 en entornos educativos virtuales.","Mapeo de objetivos clave: predicción de rendimiento, perfilamiento de estudiantes y optimización curricular."
"DOC_MD_012","Data Mining in Healthcare and Biomedicine: A Review of the Literature","Illhoi Yoo, Patricia Alafaireet, Miroslav Marinov, Keila Pena-Hernandez, Rajitha Gopidi, Jia-Fu Chang, Lei Hua",2012,"Artículo de Revista","Journal of Medical Systems, Vol. 36, No. 4, pp. 2431-2448","10.1007/s10916-011-9710-5","https://scholar.google.com/scholar?q=Data+mining+in+healthcare+and+biomedicine+Yoo","Alta","Evaluar el estado del arte de las aplicaciones de minería de datos en salud, diagnóstico y epidemiología.","Revisión sistemática de literatura sobre aplicaciones clínicas y registros biomédicos.","Identificación de beneficios y barreras ético-tecnológicas en la adopción médica de modelos analíticos."
"DOC_MD_013","A Comprehensive Survey of Data Mining-Based Fraud Detection Research","Clifton Phua, Vincent Lee, Kate Smith, Ross Gayler",2010,"Artículo de Revista","arXiv preprint, arXiv:1009.6119, pp. 1-14","10.48550/arXiv.1009.6119","https://scholar.google.com/scholar?q=A+comprehensive+survey+of+data+mining-based+fraud+detection+Phua","Alta","Clasificar sistemáticamente las técnicas de minería para detección de fraude en tarjetas, telecomunicaciones y seguros.","Taxonomía cruzada de métodos supervisados, no supervisados y detección de intrusiones financieras.","Identificación de problemas clave de desbalance severo de clases y latencia de respuesta en tiempo real."
"DOC_MD_014","Privacy-Preserving Data Mining","Rakesh Agrawal, Ramakrishnan Srikant",2000,"Conferencia Arbitrada","Proc. of the ACM SIGMOD Int. Conf. on Management of Data, pp. 439-450","10.1145/335191.335438","https://scholar.google.com/scholar?q=Privacy-preserving+data+mining+Agrawal+Srikant","Alta","Permitir el descubrimiento de patrones estadísticos válidos introduciendo ruido aleatorio para ocultar valores individuales.","Métodos de perturbación de datos y reconstrucción de distribuciones agregadas mediante algoritmos EM.","Demostración de que es viable inducir modelos de alta precisión sin acceder a los registros privados crudos."
"DOC_MD_015","Spark: Cluster Computing with Working Sets","Matei Zaharia, Mosharaf Chowdhury, Michael J. Franklin, Scott Shenker, Ion Stoica",2010,"Conferencia Arbitrada","Proc. of the 2nd USENIX Conf. on Hot Topics in Cloud Computing (HotCloud), pp. 1-7","10.5555/1863103.1863113","https://scholar.google.com/scholar?q=Spark+Cluster+Computing+with+Working+Sets+Zaharia","Alta","Presentar un marco de computación en memoria tolerante a fallos optimizado para algoritmos iterativos de minería de datos.","Diseño de colecciones distribuidas resilientes (RDDs) con linaje de transformaciones.","Aceleración de órdenes de magnitud frente a MapReduce tradicional en K-Means y regresión logística."
"DOC_KDD_001","The KDD Process for Extracting Useful Knowledge from Volumes of Data","Usama Fayyad, Gregory Piatetsky-Shapiro, Padhraic Smyth",1996,"Artículo de Revista","Communications of the ACM, Vol. 39, No. 11, pp. 27-34","10.1145/240455.240464","https://scholar.google.com/scholar?q=The+KDD+Process+for+Extracting+Useful+Knowledge+from+Volumes+of+Data+Fayyad","Alta","Articular las cinco etapas canónicas del proceso de descubrimiento de conocimiento en bases de datos.","Conceptualización metodológica iterativa e interactiva del flujo de datos a conocimiento.","Definición del diagrama de 5 fases: Selección -> Preprocesamiento -> Transformación -> Minería -> Interpretación."
"DOC_KDD_002","Data Mining: A Knowledge Discovery Approach","Krzysztof J. Cios, Witold Pedrycz, Roman W. Swiniarski, Lukasz A. Kurgan",2007,"Libro / Capítulo","Springer, New York, DOI: 10.1007/978-0-387-36795-8","10.1007/978-0-387-36795-8","https://scholar.google.com/scholar?q=Data+Mining+A+Knowledge+Discovery+Approach+Cios","Alta","Presentar un modelo formal de proceso KDD de 6 pasos adaptado a proyectos científicos y de ingeniería.","Formalización matemática y metodológica de cada fase del ciclo de vida KDD.","Inclusión explícita del bucle de retroalimentación hacia el entendimiento del problema y preparación de datos."
"DOC_KDD_003","A Survey of Knowledge Discovery and Data Mining Process Models","Lukasz A. Kurgan, Petr Musilek",2006,"Artículo de Revista","The Knowledge Engineering Review, Vol. 21, No. 1, pp. 1-24","10.1017/S0269888906000737","https://scholar.google.com/scholar?q=A+Survey+of+Knowledge+Discovery+and+Data+Mining+Process+Models+Kurgan","Alta","Comparar de forma sistemática los principales modelos de procesos de KDD académicos e industriales.","Estudio taxonómico y comparativo de modelos KDD (Fayyad, Cabena, Anand, CRISP-DM, Cios et al.).","Identificación de un metamodelo genérico común de seis pasos y mapeo de correspondencias entre fases."
"DOC_KDD_004","An Introduction to Variable and Feature Selection","Isabelle Guyon, Andre Elisseeff",2003,"Artículo de Revista","Journal of Machine Learning Research (JMLR), Vol. 3, pp. 1157-1182","10.1162/153244303322753616","https://scholar.google.com/scholar?q=An+introduction+to+variable+and+feature+selection+Guyon","Alta","Estructurar la taxonomía de métodos de selección de atributos (Filtros, Wrappers e Incrustados) en la fase de selección.","Tratamiento estadístico formal de correlación, información mutua y optimización combinatoria.","Demostración de que la selección adecuada de variables mejora la generalización y reduce costos computacionales."
"DOC_KDD_005","Data Cleaning: Problems and Current Approaches","Erhard Rahm, Hai Do",2000,"Artículo de Revista","IEEE Data Engineering Bulletin, Vol. 23, No. 4, pp. 3-13","10.5555/rahmsigmod.2000","https://scholar.google.com/scholar?q=Data+cleaning+Problems+and+current+approaches+Rahm","Alta","Categorizar los problemas de calidad de datos a nivel de esquema e instancia y evaluar soluciones de limpieza.","Taxonomía de anomalías sintácticas y semánticas en bases de datos heterogéneas.","Mapeo de estrategias de deduplicación, resolución de entidades e imputación para preprocesamiento."
"DOC_KDD_006","Supervised and Unsupervised Discretization of Continuous Features","James Dougherty, Ron Kohavi, Mehran Sahami",1995,"Conferencia Arbitrada","Proc. of the 12th Int. Conf. on Machine Learning (ICML), pp. 194-202","10.1016/B978-1-55860-377-6.50032-3","https://scholar.google.com/scholar?q=Supervised+and+unsupervised+discretization+of+continuous+features+Dougherty","Alta","Evaluar el impacto de la discretización supervisada (heurística de entropía) y no supervisada en la inducción de modelos.","Comparativa empírica factorial de algoritmos de discretización en 16 datasets de referencia.","Demostración de que la discretización basada en entropía mejora sustancialmente la exactitud de clasificadores simbólicos."
"DOC_KDD_007","Data Mining: Statistics and More?","David J. Hand",1998,"Artículo de Revista","The American Statistician, Vol. 52, No. 2, pp. 112-118","10.1080/00031305.1998.10480549","https://scholar.google.com/scholar?q=Data+Mining+Statistics+and+More+Hand","Alta","Delimitar las diferencias epistemológicas entre la inferencia estadística clásica y la fase de minería de datos en KDD.","Análisis epistemológico de diseño muestral frente a análisis de datos oportunistas masivos.","Clarificación del rol de la minería como exploración algorítmica de hipótesis en bases no diseñadas para el estudio."
"DOC_KDD_008","Discovery, Analysis, and Presentation of Strong Rules in Databases","Gregory Piatetsky-Shapiro",1991,"Libro / Capítulo","Knowledge Discovery in Databases, AAAI/MIT Press, pp. 229-248","10.5555/121087.121102","https://scholar.google.com/scholar?q=Discovery+Analysis+and+Presentation+of+Strong+Rules+in+Databases+Piatetsky-Shapiro","Alta","Definir principios estadísticos de significancia y novedad para patrones extraídos en la fase de evaluación.","Formulación teórica de medidas objetivas de interés para reglas y dependencias probabilísticas.","Métricas estadísticas para discriminar correlaciones espurias de patrones genuinamente informativos."
"DOC_KDD_009","A Survey of Data Mining and Knowledge Discovery Process Models","Elena Mariscal, Oscar Marban, Covadonga Fernandez",2010,"Artículo de Revista","WIREs Data Mining and Knowledge Discovery, Vol. 1, No. 1, pp. 31-41","10.1002/widm.30","https://scholar.google.com/scholar?q=A+survey+of+data+mining+and+knowledge+discovery+process+models+Mariscal","Alta","Revisar cronológicamente y comparar las diferentes metodologías y modelos de ciclo de vida en KDD.","Análisis cualitativo comparando granularidad, soporte industrial y grado de iteratividad.","Identificación de convergencia hacia modelos estándar de la industria y necesidad de mayor formalidad en fases previas."
"DOC_KDD_010","Information Visualization and Visual Data Mining","Daniel A. Keim",2002,"Artículo de Revista","IEEE Transactions on Visualization and Computer Graphics, Vol. 8, No. 1, pp. 1-8","10.1109/2945.981851","https://scholar.google.com/scholar?q=Information+visualization+and+visual+data+mining+Keim","Alta","Articular la integración de técnicas visuales avanzadas en el ciclo interactivo de descubrimiento KDD.","Taxonomía de tipos de datos, técnicas de visualización y métodos de interacción/distorsión.","Demostración de que la inspección visual humana acelera la formulación y validación de hipótesis en KDD."
"DOC_KDD_011","How Can Data Mining Help Bio-Data Analysis?","Jiawei Han",2002,"Conferencia Arbitrada","Proc. of the 2nd ACM SIGKDD Workshop on Data Mining in Bioinformatics (BIOKDD), pp. 1-2","10.1145/biokdd.2002.1","https://scholar.google.com/scholar?q=How+can+data+mining+help+bio-data+analysis+Han","Alta","Identificar las oportunidades y desafíos de aplicar el ciclo KDD a la minería de secuencias genómicas y proteómicas.","Mapeo de requerimientos computacionales frente a la complejidad del dogma central de la biología.","Definición de rutas metodológicas para alinear alineamiento de secuencias con particionamiento no supervisado."
"DOC_KDD_012","Data Mining in Manufacturing: A Review","J. A. Harding, M. Shahbaz, Srinivas Kusiak",2006,"Artículo de Revista","Journal of Manufacturing Science and Engineering, Vol. 128, No. 4, pp. 969-976","10.1115/1.2194554","https://scholar.google.com/scholar?q=Data+mining+in+manufacturing+a+review+Harding","Alta","Sintetizar la implementación del ciclo KDD en entornos de manufactura avanzada y control de calidad.","Revisión sistemática de casos industriales de producción de semiconductores, automotriz y metalmecánica.","Evidencia empírica de reducciones de costos mediante detección temprana de causas raíz de defectos."
"DOC_KDD_013","The Need for New Processes, Methodologies and Tools to Support Big Data Teams and Improve Data Science Project Success","Jeffrey S. Saltz",2015,"Conferencia Arbitrada","Proc. of the IEEE Int. Conf. on Big Data (IEEE BigData), pp. 2066-2071","10.1109/BigData.2015.7363988","https://scholar.google.com/scholar?q=The+need+for+new+processes+methodologies+and+tools+to+support+big+data+teams+Saltz","Alta","Analizar cómo los equipos modernos de ciencia de datos adaptan metodologías tradicionales de KDD a entornos ágiles y big data.","Encuesta cuantitativa y entrevistas a profesionales en organizaciones tecnológicas líderes.","Constatación de que la falta de una metodología estructurada incrementa el riesgo de fracaso del proyecto en un 60%."
"DOC_KDD_014","Efficient and Robust Automated Machine Learning","Matthias Feurer, Aaron Klein, Katharina Eggensperger, Jost Springenberg, Manuel Blum, Frank Hutter",2015,"Conferencia Arbitrada","Advances in Neural Information Processing Systems (NeurIPS 28), pp. 2962-2970","10.5555/2969442.2969547","https://scholar.google.com/scholar?q=Efficient+and+robust+automated+machine+learning+Feurer","Alta","Automatizar la selección de algoritmos, preprocesamiento e hiperparámetros del proceso KDD mediante optimización bayesiana.","Diseño del sistema auto-sklearn integrando meta-aprendizaje y ensambles post-hoc.","Superación del rendimiento de científicos humanos en múltiples conjuntos de datos de referencia abiertos."
"DOC_KDD_015","Big Data and Its Technical Challenges","H. V. Jagadish, Johannes Gehrke, Alexandros Labrinidis, Yannis Papakonstantinou, Jignesh M. Patel, Raghu Ramakrishnan, Cyrus Shahabi",2014,"Artículo de Revista","Communications of the ACM, Vol. 57, No. 7, pp. 86-94","10.1145/2611567","https://scholar.google.com/scholar?q=Big+data+and+its+technical+challenges+Jagadish","Alta","Examinar los cuellos de botella computacionales y semánticos a lo largo de las fases del pipeline analítico frente a big data.","Análisis conceptual estructurado fase por fase (adquisición, limpieza, integración, modelado e interpretación).","Mapeo de los retos derivados de la heterogeneidad, datos incompletos y privacidad en flujos masivos."
"DOC_CRISP_001","CRISP-DM 1.0: Step-by-Step Data Mining Guide","Pete Chapman, Julian Clinton, Randy Kerber, Thomas Khabaza, Thomas Reinartz, Colin Shearer, Rudiger Wirth",2000,"Guía Técnica de Consorcio","CRISP-DM Consortium Technical Report, DaimlerChrysler, SPSS, NCR, OHRA","10.1.1.198.5133","https://scholar.google.com/scholar?q=CRISP-DM+1.0+Step-by-step+data+mining+guide+Chapman","Alta","Establecer una metodología estándar de la industria, no propietaria y de libre acceso para proyectos de minería de datos.","Consenso de consorcio industrial basado en experiencias acumuladas en proyectos reales.","Definición del ciclo de 6 fases y sus tareas genéricas y específicas correspondientes."
"DOC_CRISP_002","Towards CRISP-ML(Q): A Machine Learning Process Model with Quality Assurance Methodology","Stefan Studer, Thanh Binh Bui, Christian Drescher, Alexander Hanft, Suhrob Ohashi, Sven Götz, Alexander Dengel",2021,"Artículo de Revista","Machine Learning and Knowledge Extraction, Vol. 3, No. 2, pp. 392-413","10.3390/make3020020","https://scholar.google.com/scholar?q=Towards+CRISP-ML+A+machine+learning+process+model+Studer","Alta","Formalizar una extensión de CRISP-DM con aseguramiento de calidad (QA) y monitoreo para MLOps.","Desarrollo metodológico con directrices de calidad y riesgos asociados a cada fase del ciclo de vida.","Marco CRISP-ML(Q) que incorpora fases de aseguramiento de calidad y supervisión de degradación en producción."
"DOC_CRISP_003","The CRISP-DM Model: The New Blueprint for Data Mining","Colin Shearer",2000,"Artículo de Revista","Journal of Data Warehousing, Vol. 5, No. 4, pp. 13-22","10.1.1.472.9360","https://scholar.google.com/scholar?q=The+CRISP-DM+model+the+new+blueprint+for+data+mining+Shearer","Alta","Sintetizar la justificación, arquitectura cíclica y beneficios estratégicos de adoptar CRISP-DM frente a esfuerzos ad-hoc.","Exposición conceptual orientada a directores de tecnología y científicos de datos.","Demostración de que la iteratividad y el anclaje en la comprensión del negocio reducen los fracasos de proyectos."
"DOC_CRISP_004","CRISP-DM: Towards a Standard Process Model for Data Mining","Rudiger Wirth, Jochen Hipp",2000,"Conferencia Arbitrada","Proc. of the 4th Int. Conf. on Practical Applications of Knowledge Discovery and Data Mining, pp. 29-39","10.5555/pakdd.2000.wirth","https://scholar.google.com/scholar?q=CRISP-DM+Towards+a+standard+process+model+Wirth+Hipp","Alta","Presentar la estructura jerárquica de 4 niveles de CRISP-DM (Fases, Tareas Genéricas, Tareas Especializadas y Casos de Proceso).","Ingeniería de procesos aplicada al ciclo analítico multidisciplinario.","Estructura formal que permite adaptar la metodología a cualquier industria preservando la coherencia del negocio."
"DOC_CRISP_005","Exploratory Data Analysis","John W. Tukey",1977,"Libro / Capítulo","Addison-Wesley, Reading, MA, ISBN: 978-0201076165","10.5555/540209","https://scholar.google.com/scholar?q=Exploratory+Data+Analysis+Tukey","Alta","Establecer las bases matemáticas y heurísticas del análisis exploratorio visual para comprender la estructura de los datos.","Técnicas no paramétricas robustas (diagramas de caja, tallo y hoja, transformaciones de potencia).","El análisis exploratorio sistemático previene formular modelos ciegos a la morfología empírica."
"DOC_CRISP_006","Feature Engineering and Selection: A Practical Approach for Predictive Models","Max Kuhn, Kjell Johnson",2019,"Libro / Capítulo","Chapman & Hall / CRC Press, DOI: 10.1201/9781315108230","10.1201/9781315108230","https://scholar.google.com/scholar?q=Feature+Engineering+and+Selection+Kuhn+Johnson","Alta","Proveer una guía formal y reproducible de técnicas avanzadas de transformación de variables para modelado.","Estudio empírico de codificación numérica, transformaciones Box-Cox, interacciones y manejo de datos faltantes.","Demostración de que la ingeniería de variables apropiada supera en ganancia predictiva al cambio de algoritmo."
"DOC_CRISP_007","Random Search for Hyper-Parameter Optimization","James Bergstra, Yoshua Bengio",2012,"Artículo de Revista","Journal of Machine Learning Research (JMLR), Vol. 13, pp. 281-305","10.5555/2188385.2188395","https://scholar.google.com/scholar?q=Random+search+for+hyper-parameter+optimization+Bergstra+Bengio","Alta","Demostrar teórica y empíricamente la superioridad de la búsqueda aleatoria sobre la búsqueda en rejilla (grid search).","Análisis de dimensionalidad efectiva de hiperparámetros en espacios de configuración continuos y discretos.","Reducción dramática del costo computacional de calibración alcanzando modelos con igual o menor error de prueba."
"DOC_CRISP_008","Data Science for Business: What You Need to Know about Data Mining and Data-Analytic Thinking","Foster Provost, Tom Fawcett",2013,"Libro / Capítulo","O'Reilly Media, Sebastopol, CA, ISBN: 978-1449361327","10.5555/2566972","https://scholar.google.com/scholar?q=Data+Science+for+Business+Provost+Fawcett","Alta","Articular la evaluación de modelos predictivos mediante matrices de confusión ponderadas por coste económico.","Marco del marco de valor esperado (Expected Value Framework) y curvas de ganancia acumulada.","Alineación rigurosa de umbrales probabilísticos de corte con la rentabilidad financiera del negocio."
"DOC_CRISP_009","Hidden Technical Debt in Machine Learning Systems","David Sculley, Gary Holt, Daniel Golovin, Eugene Davydov, Todd Phillips, Dietmar Ebner, Vinay Chaudhary, Michael Young, Jean-Francois Crespo, Dan Dennison",2015,"Conferencia Arbitrada","Advances in Neural Information Processing Systems (NeurIPS 28), pp. 2503-2511","10.5555/2969239.2969519","https://scholar.google.com/scholar?q=Hidden+technical+debt+in+machine+learning+systems+Sculley","Alta","Identificar los riesgos de mantenimiento, deuda técnica y monitoreo que surgen tras desplegar modelos en producción.","Análisis de sistemas masivos de Google identificando trampas de retroalimentación y dependencias de datos.","Demostración de que el código del modelo es solo una pequeña fracción del software necesario en producción."
"DOC_CRISP_010","Big Data Team Process Methodologies: A Survey","Jeffrey S. Saltz, Alex Shamshurin",2016,"Artículo de Revista","Journal of Big Data, Vol. 3, No. 1, pp. 1-17","10.1186/s40537-016-0044-2","https://scholar.google.com/scholar?q=Big+data+team+process+methodologies+a+survey+Saltz","Alta","Examinar cómo los equipos adaptan CRISP-DM integrándolo con prácticas ágiles como Scrum y Kanban.","Encuesta transversal a científicos de datos y directores de proyectos en organizaciones líderes.","Propuesta de marcos híbridos Agile-CRISP para conciliar la incertidumbre analítica con entregables ágiles."
"DOC_CRISP_011","Statistical Classification Methods in Consumer Credit Scoring: A Review","David J. Hand, William E. Henley",1997,"Artículo de Revista","Journal of the Royal Statistical Society: Series A, Vol. 160, No. 3, pp. 523-541","10.1111/j.1467-985X.1997.00078.x","https://scholar.google.com/scholar?q=Statistical+classification+methods+in+consumer+credit+scoring+Hand","Alta","Revisar los principios metodológicos y estadísticos para calificar riesgo de impago en banca minorista.","Estudio comparativo de modelos lineales, árboles y vecinos bajo consideraciones de costes desiguales de clasificación.","Establecimiento del balance entre interpretabilidad regulatoria y poder discriminante en finanzas."
"DOC_CRISP_012","CRISP-DM Methodology Extension for Medical Domain","Olegas Niaksu",2015,"Artículo de Revista","Baltic Journal of Modern Computing, Vol. 3, No. 2, pp. 92-109","10.5555/bjmc.2015.niaksu","https://scholar.google.com/scholar?q=CRISP-DM+Methodology+Extension+for+Medical+Domain+Niaksu","Alta","Extender el ciclo CRISP-DM incorporando tareas específicas de validación bioética y comités clínicos.","Estudio de caso clínico aplicando el marco extendido a diagnósticos de patologías complejas.","Creación de directrices explícitas para consentimiento informado y auditoría médica de modelos."
"DOC_CRISP_013","DMME: Data Mining Methodology for Engineering Applications","Daniel Huber, Hendrik Wiemer, Dorothea Schneider, Steffen Borsato",2019,"Artículo de Revista","Procedia CIRP, Vol. 79, pp. 298-303","10.1016/j.procir.2019.04.227","https://scholar.google.com/scholar?q=DMME+Data+mining+methodology+for+engineering+applications+Huber","Alta","Adaptar CRISP-DM a la ingeniería de producción incorporando datos de sensores IoT de máquinas herramienta.","Desarrollo metodológico con integración de telemetría de planta y validación empírica en fresado CNC.","Estructuración de tareas de preprocesamiento de series temporales de sensores dentro de CRISP-DM."
"DOC_CRISP_014","KDD, SEMMA and CRISP-DM: A Parallel Overview","Ana Azevedo, Manuel F. Santos",2008,"Conferencia Arbitrada","Proc. of the IADIS European Conf. on Data Mining, pp. 182-185","10.5555/iadis.2008.azevedo","https://scholar.google.com/scholar?q=KDD+SEMMA+and+CRISP-DM+a+parallel+overview+Azevedo","Alta","Contrastar paso a paso las fases, terminologías y enfoques de KDD, SEMMA (SAS) y CRISP-DM.","Mapeo conceptual cruzado identificando equivalencias biunívocas entre etapas.","Constatación de que CRISP-DM destaca por su anclaje en el negocio frente al enfoque de software de SEMMA."
"DOC_CRISP_015","CRISP-DM Twenty Years Later: From Data Mining Processes to Data Science Trajectories","Fernando Martínez-Plumed, Lidia Contreras-Ochando, Cesar Ferri, Jose Hernandez-Orallo, Meelis Kull, Nicolas Lachiche, Maria Jose Ramirez-Quintana, Peter A. Flach",2021,"Artículo de Revista","IEEE Transactions on Knowledge and Data Engineering, Vol. 33, No. 8, pp. 3048-3061","10.1109/TKDE.2019.2962680","https://scholar.google.com/scholar?q=CRISP-DM+twenty+years+later+Martinez-Plumed","Alta","Revisar críticamente la vigencia de CRISP-DM dos décadas después y proponer una extensión adaptada a la ciencia de datos moderna.","Análisis cualitativo y empírico de casos de estudio contemporáneos y modelado de trayectorias analíticas.","Identificación de limitaciones (despliegue continuo, ética, data drift) y propuesta de trayectorias multidimensionales."
"DOC_MOD_001","An Empirical Comparison of Supervised Learning Algorithms","Rich Caruana, Alexandru Niculescu-Mizil",2006,"Conferencia Arbitrada","Proc. of the 23rd Int. Conf. on Machine Learning (ICML), pp. 161-168","10.1145/1143844.1143865","https://scholar.google.com/scholar?q=An+empirical+comparison+of+supervised+learning+algorithms+Caruana","Alta","Comparar empíricamente 10 familias de algoritmos supervisados sobre 8 métricas de rendimiento en múltiples benchmarks.","Evaluación masiva factorial calibrando modelos SVM, redes neuronales, Random Forest y regresión logística.","Random Forest, Gradient Boosting y redes neuronales calibradas obtuvieron el rendimiento superior agregado."
"DOC_MOD_002","An Introduction to ROC Analysis","Tom Fawcett",2006,"Artículo de Revista","Pattern Recognition Letters, Vol. 27, No. 8, pp. 861-874","10.1016/j.patrec.2005.10.010","https://scholar.google.com/scholar?q=An+introduction+to+ROC+analysis+Fawcett","Alta","Explicar las propiedades matemáticas, interpretación y cálculo del área bajo la curva ROC (AUC) en evaluación de modelos.","Análisis teórico y algorítmico de curvas de rendimiento en espacios de coste y probabilidades asimétricas.","Demostración de que el AUC es independiente de la distribución a priori de clases y superior al accuracy en datos desbalanceados."
"DOC_MOD_003","Stop Explaining Black Box Machine Learning Models for High Stakes Decisions and Use Interpretable Models Instead","Cynthia Rudin",2019,"Artículo de Revista","Nature Machine Intelligence, Vol. 1, No. 5, pp. 206-215","10.1038/s42256-019-0048-x","https://scholar.google.com/scholar?q=Stop+explaining+black+box+machine+learning+models+Rudin","Alta","Demostrar que en datos estructurados/tabulares los modelos inherentemente interpretables alcanzan precisión comparable a cajas negras.","Análisis crítico comparativo en justicia penal, diagnóstico médico y concesión de créditos.","Demostración de que las explicaciones post-hoc (cajas negras) son a menudo engañosas frente a modelos transparentes de diseño."
"DOC_MOD_004","Linear Regression Analysis","George A. F. Seber, Alan J. Lee",2012,"Libro / Capítulo","John Wiley & Sons, 2nd Edition, DOI: 10.1002/9780471722199","10.1002/9780471722199","https://scholar.google.com/scholar?q=Linear+Regression+Analysis+Seber+Lee","Alta","Proveer el tratado matemático y estadístico definitivo de la regresión lineal por mínimos cuadrados y diagnóstico de residuos.","Formulación geométrica y matricial de espacios de proyección ortogonal y pruebas de hipótesis F y t.","Derivación formal del teorema de Gauss-Markov y técnicas de diagnóstico de heterocedasticidad y puntos influyentes."
"DOC_MOD_005","Applied Logistic Regression","David W. Hosmer, Stanley Lemeshow, Rodney X. Sturdivant",2013,"Libro / Capítulo","John Wiley & Sons, 3rd Edition, DOI: 10.1002/9781118548387","10.1002/9781118548387","https://scholar.google.com/scholar?q=Applied+Logistic+Regression+Hosmer+Lemeshow","Alta","Presentar la modelación probabilística mediante enlace logit para respuestas binarias y politómicas.","Estimación por máxima verosimilitud (Newton-Raphson), pruebas de Hosmer-Lemeshow y cálculo de Odds Ratios.","Metodología estándar para interpretar coeficientes logísticos como cambios porcentuales en razones de probabilidad."
"DOC_MOD_006","Induction of Decision Trees","J. Ross Quinlan",1986,"Artículo de Revista","Machine Learning, Vol. 1, No. 1, pp. 81-106","10.1007/BF00116251","https://scholar.google.com/scholar?q=Induction+of+decision+trees+Quinlan+1986","Alta","Desarrollar el algoritmo ID3 para inducir árboles de decisión mediante ganancia de información basada en entropía.","Teoría de la información de Shannon aplicada a partición recursiva en espacios de atributos.","Generación de modelos de caja blanca altamente interpretables con capacidad de derivar reglas lógicas explícitas."
"DOC_MOD_007","Random Forests","Leo Breiman",2001,"Artículo de Revista","Machine Learning, Vol. 45, No. 1, pp. 5-32","10.1023/A:1010933404324","https://scholar.google.com/scholar?q=Random+Forests+Breiman+2001","Alta","Presentar el algoritmo de Random Forests como combinación de árboles predictores descorrelacionados con muestreo aleatorio de variables.","Demostración matemática de límites de error de generalización y validación empírica en benchmarks UCI.","Inmunidad sustancial al sobreajuste, alta precisión y cálculo nativo de estimación fuera de bolsa (OOB) e importancia de variables."
"DOC_MOD_008","Support-Vector Networks","Corinna Cortes, Vladimir Vapnik",1995,"Artículo de Revista","Machine Learning, Vol. 20, No. 3, pp. 273-297","10.1007/BF00994018","https://scholar.google.com/scholar?q=Support-Vector+Networks+Cortes+Vapnik","Alta","Formalizar las máquinas de soporte vectorial (SVM) para problemas no linealmente separables con margen suave.","Optimización cuadrática con multiplicadores de Lagrange y funciones kernel en espacios de Hilbert.","Control estricto de la dimensión VC para garantizar límites óptimos en el riesgo de generalización."
"DOC_MOD_009","Nearest Neighbor Pattern Classification","Thomas M. Cover, Peter E. Hart",1967,"Artículo de Revista","IEEE Transactions on Information Theory, Vol. 13, No. 1, pp. 21-27","10.1109/TIT.1967.1053964","https://scholar.google.com/scholar?q=Nearest+neighbor+pattern+classification+Cover+Hart","Alta","Demostrar los límites de error asintóticos del algoritmo del vecino más cercano en relación con la tasa óptima bayesiana.","Demostración matemática asintótica en espacios métricos continuos.","Demostración de que el error del 1-NN está acotado superiormente por el doble del error bayesiano irreducible."
"DOC_MOD_010","On the Optimality of the Simple Bayesian Classifier under Zero-One Loss","Pedro Domingos, Michael Pazzani",1997,"Artículo de Revista","Machine Learning, Vol. 29, No. 2, pp. 103-130","10.1023/A:1007413511361","https://scholar.google.com/scholar?q=On+the+optimality+of+the+simple+Bayesian+classifier+Domingos","Alta","Explicar por qué el clasificador Naive Bayes obtiene excelente precisión aun cuando se violan sus supuestos de independencia.","Análisis del espacio de decisiones bajo función de pérdida 0-1 demostrando que solo el orden de probabilidades importa.","Condiciones formales donde las violaciones de independencia no alteran la frontera de clasificación óptima."
"DOC_MOD_011","Greedy Function Approximation: A Gradient Boosting Machine","Jerome H. Friedman",2001,"Artículo de Revista","The Annals of Statistics, Vol. 29, No. 5, pp. 1189-1232","10.1214/aos/1013203451","https://scholar.google.com/scholar?q=Greedy+function+approximation+a+gradient+boosting+machine+Friedman","Alta","Formular el boosting como optimización numérica en espacio de funciones ajustando modelos base a pseudo-residuos.","Descenso de gradiente sobre funciones de pérdida arbitrarias y regularización por contracción (learning rate).","Creación del algoritmo GBM, base directa de implementaciones líderes como XGBoost y LightGBM."
"DOC_MOD_012","Regression Shrinkage and Selection via the Lasso","Robert Tibshirani",1996,"Artículo de Revista","Journal of the Royal Statistical Society: Series B, Vol. 58, No. 1, pp. 267-288","10.1111/j.2517-6161.1996.tb02080.x","https://scholar.google.com/scholar?q=Regression+shrinkage+and+selection+via+the+lasso+Tibshirani","Alta","Presentar el estimador Lasso que combina selección continua de variables con estabilidad de coeficientes mediante penalización L1.","Optimización convexa restringida por norma L1 que anula exactamente coeficientes irrelevantes.","Generación de modelos parsimoniosos e interpretables que reducen el error cuadrático medio de predicción."
"DOC_MOD_013","Learning Representations by Back-Propagating Errors","David E. Rumelhart, Geoffrey E. Hinton, Ronald J. Williams",1986,"Artículo de Revista","Nature, Vol. 323, No. 6088, pp. 533-536","10.1038/323533a0","https://scholar.google.com/scholar?q=Learning+representations+by+back-propagating+errors+Rumelhart","Alta","Demostrar cómo la propagación del gradiente del error a través de capas ocultas permite aprender representaciones internas complejas.","Regla de la cadena del cálculo multivariable aplicada al ajuste de pesos sinápticos.","Superación definitiva de las limitaciones del perceptrón simple para resolver problemas no linealmente separables (XOR)."
"DOC_MOD_014","SMOTE: Synthetic Minority Over-sampling Technique","Nitesh V. Chawla, Kevin W. Bowyer, Lawrence O. Hall, W. Philip Kegelmeyer",2002,"Artículo de Revista","Journal of Artificial Intelligence Research (JAIR), Vol. 16, pp. 321-357","10.1613/jair.953","https://scholar.google.com/scholar?q=SMOTE+synthetic+minority+over-sampling+technique+Chawla","Alta","Resolver el sesgo hacia la clase mayoritaria sintetizando nuevos ejemplos minoritarios en el espacio de características.","Interpolación lineal a lo largo de segmentos que unen vecinos cercanos de la clase minoritaria.","Mejora sustancial en curvas ROC y recall de la clase minoritaria sin incurrir en sobreajuste por duplicación simple."
"DOC_MOD_015","A Unified Approach to Interpreting Model Predictions","Scott M. Lundberg, Su-In Lee",2017,"Conferencia Arbitrada","Advances in Neural Information Processing Systems (NeurIPS 30), pp. 4765-4774","10.5555/3295222.3295230","https://scholar.google.com/scholar?q=A+unified+approach+to+interpreting+model+predictions+Lundberg","Alta","Unificar los métodos de interpretabilidad existentes mediante los valores de Shapley de la teoría de juegos cooperativos.","Formulación del marco SHAP (SHapley Additive exPlanations) garantizando propiedades de consistencia y aditividad local.","Atribución matemática rigurosa y no sesgada de la contribución individual de cada variable a cada predicción."
"DOC_MH_001","Conditional Fuzzy Clustering in the Design of Radial Basis Function Neural Networks","Witold Pedrycz",1998,"Artículo de Revista","IEEE Transactions on Neural Networks, Vol. 9, No. 4, pp. 601-612","10.1109/72.701174","https://scholar.google.com/scholar?q=Conditional+fuzzy+clustering+Pedrycz+1998","Alta","Desarrollar una arquitectura híbrida de dos etapas: segmentación difusa del espacio de entrada seguida de aproximación neuronal.","Integración de clustering condicional para parametrizar centros de funciones de base radial.","Aceleración de la convergencia y mayor precisión al reducir la no linealidad global mediante agrupamiento previo."
"DOC_MH_002","Stacked Generalization","David H. Wolpert",1992,"Artículo de Revista","Neural Networks, Vol. 5, No. 2, pp. 241-259","10.1016/S0893-6080(05)80023-1","https://scholar.google.com/scholar?q=Stacked+generalization+Wolpert+1992","Alta","Introducir la técnica de apilamiento (Stacking) para combinar múltiples modelos inductivos mediante un meta-aprendiz.","Formulación teórica del particionamiento cruzado de predicciones de primer nivel para entrenar un modelo integrador.","Demostración de que la combinación no lineal de modelos con sesgos complementarios minimiza el error de generalización."
"DOC_MH_003","Computational Intelligence and Hybrid Models in Agriculture: A Systematic Review","Sina Ardabili, Amir Mosavi, Pedram Ghamisi, Felix Ferdinand, Filip Prvanovic, Peter Bandala, Kwok-wing Chau",2019,"Artículo de Revista","Archives of Computational Methods in Engineering, Vol. 27, pp. 1011-1033","10.1007/s11831-019-09341-z","https://scholar.google.com/scholar?q=Computational+intelligence+and+hybrid+models+a+survey+Ardabili","Alta","Sintetizar la evidencia cuantitativa de incremento en exactitud predictiva lograda por modelos híbridos frente a algoritmos individuales.","Revisión sistemática de literatura sobre más de 100 arquitecturas híbridas comparativas.","Constatación de reducciones consistentes del 10% al 25% en error cuadrático al hibridar técnicas estadísticas con redes."
"DOC_MH_004","Credit Risk Analysis by a Hybrid CF-SVM Model","Chih-Fong Tsai, Ming-Luan Chen",2010,"Artículo de Revista","Knowledge-Based Systems, Vol. 23, No. 7, pp. 600-607","10.1016/j.knosys.2010.04.004","https://scholar.google.com/scholar?q=Credit+risk+analysis+by+a+hybrid+CF-SVM+model+Tsai","Alta","Evaluar empíricamente la efectividad de un modelo híbrido basado en clustering como filtro de datos y SVM para clasificación.","Diseño experimental factorial comparando clasificadores individuales vs pipelines híbridos en bases de datos financieras.","El modelo híbrido superó significativamente en precisión y reducción de falsos negativos a los modelos individuales."
"DOC_MH_005","Time Series Forecasting Using a Hybrid ARIMA and Neural Network Model","G. Peter Zhang",2003,"Artículo de Revista","Neurocomputing, Vol. 50, pp. 159-175","10.1016/S0925-2312(01)00702-0","https://scholar.google.com/scholar?q=Time+series+forecasting+using+a+hybrid+ARIMA+and+neural+network+Zhang","Alta","Diseñar un modelo híbrido bi-etapa donde el componente lineal es capturado por ARIMA y los residuos no lineales por un perceptrón.","Descomposición aditiva de la serie en partes lineales y residuos no lineales con validación cruzada.","El modelo híbrido superó a ARIMA y a las redes neuronales puras en todos los conjuntos de prueba evaluados."
"DOC_MH_006","Stacked Regressions","Leo Breiman",1996,"Artículo de Revista","Machine Learning, Vol. 24, No. 1, pp. 49-64","10.1007/BF00117832","https://scholar.google.com/scholar?q=Stacked+regressions+Breiman","Alta","Formalizar el apilamiento de modelos de regresión garantizando pesos no negativos mediante optimización restringida.","Validación cruzada leave-one-out sobre las predicciones de los modelos de primer nivel.","Reducción sustancial del error cuadrático medio frente al mejor modelo individual del conjunto."
"DOC_MH_007","ANFIS: Adaptive-Network-Based Fuzzy Inference System","Jyh-Shing Roger Jang",1993,"Artículo de Revista","IEEE Transactions on Systems, Man, and Cybernetics, Vol. 23, No. 3, pp. 665-685","10.1109/21.256541","https://scholar.google.com/scholar?q=ANFIS+adaptive-network-based+fuzzy+inference+system+Jang","Alta","Integrar la capacidad de razonamiento lingüístico difuso de Takagi-Sugeno con el aprendizaje por gradiente de redes neuronales.","Red feedforward de 5 capas donde los nodos ejecutan funciones de pertenencia y reglas de inferencia difusas.","Aproximador universal altamente interpretable capaz de sintonizar automáticamente reglas difusas a partir de datos."
"DOC_MH_008","Genetic Algorithms and Machine Learning","David E. Goldberg, John H. Holland",1988,"Artículo de Revista","Machine Learning, Vol. 3, No. 2, pp. 95-99","10.1023/A:1022602019183","https://scholar.google.com/scholar?q=Genetic+algorithms+and+machine+learning+Goldberg+Holland","Alta","Fundamentar la integración de algoritmos genéticos bioinspirados para resolver cuellos de botella de búsqueda en aprendizaje inductivo.","Operadores de cruce, mutación y selección adaptativa aplicados a parametrización de clasificadores.","Superación de óptimos locales en espacios de optimización rugosos y no diferenciables."
"DOC_MH_009","Principal Component Analysis: A Review and Recent Developments","Ian T. Jolliffe, Jorge Cadima",2016,"Artículo de Revista","Philosophical Transactions of the Royal Society A, Vol. 374, No. 2065, pp. 1-16","10.1098/rsta.2015.0202","https://scholar.google.com/scholar?q=Principal+component+analysis+a+review+and+recent+developments+Jolliffe","Alta","Revisar la evolución y variantes del PCA como filtro ortogonal de características previo al modelado predictivo.","Descomposición espectral y en valores singulares (SVD) de matrices de covarianza de alta dimensionalidad.","Demostración de que la eliminación de multicolinealidad vía PCA estabiliza clasificadores supervisados."
"DOC_MH_010","Hybrid Recommender Systems: Survey and Experiments","Robin Burke",2002,"Artículo de Revista","User Modeling and User-Adapted Interaction, Vol. 12, No. 4, pp. 331-370","10.1023/A:1021240730564","https://scholar.google.com/scholar?q=Hybrid+recommender+systems+survey+and+experiments+Burke","Alta","Establecer la taxonomía formal de sistemas recomendadores híbridos (Ponderados, Cascada, Mixtos, Aumento de Características).","Análisis comparativo empírico en el sistema Entree combinando filtrado colaborativo con filtrado de contenido.","Mitigación del problema del arranque en frío (cold start) y mayor cobertura del espacio de items."
"DOC_MH_011","Physics-Informed Neural Networks: A Deep Learning Framework for Solving Forward and Inverse Problems","Maziar Raissi, Paris Perdikaris, George Em Karniadakis",2019,"Artículo de Revista","Journal of Computational Physics, Vol. 378, pp. 686-707","10.1016/j.jcp.2018.10.045","https://scholar.google.com/scholar?q=Physics-informed+neural+networks+Raissi+Perdikaris","Alta","Integrar ecuaciones diferenciales parciales que describen leyes físicas como regularizadores en funciones de pérdida neuronales.","Diferenciación automática mediante grafos computacionales para penalizar violaciones de leyes físicas.","Ajuste preciso de modelos dinámicos complejos incluso con datos muestrales escasos y ruidosos."
"DOC_MH_012","A Data Driven Ensemble Approach for Credit Scoring Using Data Mining Techniques","Nan-Chen Hsieh, Lu-Pin Hung",2010,"Artículo de Revista","Expert Systems with Applications, Vol. 37, No. 1, pp. 534-545","10.1016/j.eswa.2009.06.061","https://scholar.google.com/scholar?q=A+data+driven+ensemble+approach+for+credit+scoring+Hsieh","Alta","Desarrollar un ensamble híbrido que combina redes neuronales, máquinas de soporte vectorial y árboles para evaluación crediticia.","Diseño experimental factorial en carteras bancarias reales con validación cruzada y curvas ROC.","El modelo híbrido superó de forma consistente a la regresión logística tradicional y a los clasificadores aislados."
"DOC_MH_013","Fusion of Medical Imaging and Electronic Health Records Using Deep Learning: A Systematic Review","Shih-Cheng Huang, Anuj Pareek, Saeed Seyyedi, Imon Banerjee, Matthew P. Lungren",2020,"Artículo de Revista","npj Digital Medicine (Nature), Vol. 3, No. 1, pp. 1-9","10.1038/s41746-020-00341-z","https://scholar.google.com/scholar?q=Fusion+of+medical+imaging+and+electronic+health+records+Huang","Alta","Revisar las arquitecturas híbridas de fusión temprana, intermedia y tardía entre datos clínicos tabulares e imágenes médicas.","Revisión sistemática de literatura PRISMA evaluando modelos multimodales en radiología y cardiología.","La fusión multimodal intermedia superó a los modelos que operan sobre una sola modalidad de datos clínicos."
"DOC_MH_014","Current Methods and Advances in Forecasting of Wind Power Generation","Aoife M. Foley, Paul G. Leahy, Antonino Marvuglia, Eamon J. McKeogh",2012,"Artículo de Revista","Renewable Energy, Vol. 37, No. 1, pp. 1-8","10.1016/j.renene.2011.05.033","https://scholar.google.com/scholar?q=Current+methods+and+advances+in+forecasting+of+wind+power+generation+Foley","Alta","Evaluar los métodos de pronóstico de generación eólica que hibridan predicción numérica del tiempo (NWP) con aprendizaje automático.","Comparativa de horizontes de tiempo de despacho en redes eléctricas con alta variabilidad estocástica.","Los modelos híbridos físico-estadísticos lograron los menores errores cuadráticos medios en horizontes de 24 a 72 horas."
"DOC_MH_015","Ensemble Methods: Foundations and Algorithms","Zhi-Hua Zhou",2012,"Libro / Capítulo","CRC Press / Chapman & Hall, ISBN: 978-1439830031","10.1201/b12207","https://scholar.google.com/scholar?q=Ensemble+methods+foundations+and+algorithms+Zhou","Alta","Sintetizar la teoría matemática y los principios algorítmicos que gobiernan los métodos de ensamble e hibridación.","Demostración formal del teorema de error-ambigüedad y análisis de mecanismos para maximizar la diversidad.","Fundamentación de por qué la hibridación funciona: la reducción coordinada de varianza y sesgo depende de la diversidad individual."
"DOC_PRED_001","Time Series Analysis: Forecasting and Control","George E. P. Box, Gwilym M. Jenkins, Gregory C. Reinsel, Greta M. Ljung",2015,"Libro / Capítulo","John Wiley & Sons, 5th Edition, ISBN: 978-1118675915","10.1002/9781118619193","https://scholar.google.com/scholar?q=Time+Series+Analysis+Forecasting+and+Control+Box+Jenkins","Alta","Establecer la metodología canónica de modelado predictivo autoregresivo integrado de medias móviles (Box-Jenkins).","Ciclo formal de identificación (ACF/PACF), estimación de parámetros, verificación de diagnóstico y pronóstico estocástico.","Desarrollo del marco matemático de predicción con intervalos de confianza mínimos en varianza."
"DOC_PRED_002","Automatic Time Series Forecasting: The forecast Package for R","Rob J. Hyndman, Yeasmin Khandakar",2008,"Artículo de Revista","Journal of Statistical Software, Vol. 27, No. 3, pp. 1-22","10.18637/jss.v027.i03","https://scholar.google.com/scholar?q=Automatic+time+series+forecasting+the+forecast+package+for+R+Hyndman","Alta","Diseñar e implementar algoritmos de selección automática de modelos de pronóstico (ETS y auto.arima) en R.","Optimización basada en criterios de información (AICc) y pruebas de raíces unitarias.","Implementación del paquete estándar de la industria `forecast`, permitiendo modelación robusta y reproducible."
"DOC_PRED_003","Another Look at Measures of Forecast Accuracy","Rob J. Hyndman, Anne B. Koehler",2006,"Artículo de Revista","International Journal of Forecasting, Vol. 22, No. 4, pp. 679-688","10.1016/j.ijforecast.2006.03.001","https://scholar.google.com/scholar?q=Another+look+at+measures+of+forecast+accuracy+Hyndman","Alta","Analizar los defectos de las métricas clásicas de error predictivo (MAPE, MSE) y proponer una métrica universal escalada (MASE).","Evaluación teórica y numérica frente a ceros, asimetrías y cambios de escala.","Formalización del Mean Absolute Scaled Error (MASE) como medida estándar independiente de escala y libre de singularidades."
"DOC_PRED_004","Introduction to Time Series and Forecasting","Peter J. Brockwell, Richard A. Davis",2016,"Libro / Capítulo","Springer Texts in Statistics, 3rd Edition, DOI: 10.1007/978-3-319-29854-2","10.1007/978-3-319-29854-2","https://scholar.google.com/scholar?q=Introduction+to+Time+Series+and+Forecasting+Brockwell+Davis","Alta","Proveer una fundamentación matemática y computacional de procesos lineales estacionarios y estacionales SARIMA.","Operadores de retardo polinomiales, funciones de autocovarianza y filtrado en el dominio de la frecuencia.","Formulación completa de modelos estacionales multiplicativos y algoritmos de predicción recursiva de Durbin-Levinson."
"DOC_PRED_005","Forecasting Seasonals and Trends by Exponentially Weighted Moving Averages","Charles C. Holt",2004,"Artículo de Revista","International Journal of Forecasting, Vol. 20, No. 1, pp. 5-10","10.1016/j.ijforecast.2003.09.015","https://scholar.google.com/scholar?q=Forecasting+seasonals+and+trends+by+exponentially+weighted+moving+averages+Holt","Alta","Presentar la formulación de las ecuaciones de actualización de nivel y tendencia mediante ponderación exponencial recursiva.","Derivación analítica de la técnica de suavizamiento bi-paramétrico y extensión hacia factores estacionales.","Creación del método Holt-Winters que sustenta el modelado predictivo del Tema 6 en este proyecto."
"DOC_PRED_006","Long Short-Term Memory","Sepp Hochreiter, Jürgen Schmidhuber",1997,"Artículo de Revista","Neural Computation, Vol. 9, No. 8, pp. 1735-1780","10.1162/neco.1997.9.8.1735","https://scholar.google.com/scholar?q=Long+Short-Term+Memory+Hochreiter+Schmidhuber","Alta","Resolver el problema del desvanecimiento del gradiente en redes recurrentes mediante celdas de memoria con compuertas.","Diseño de compuertas de entrada, olvido y salida con carrusel de error constante (CEC).","Capacidad demostrada de aprender dependencias temporales a través de más de 1000 pasos temporales."
"DOC_PRED_007","Informer: Beyond Efficient Transformer for Long Sequence Time-Series Forecasting","Haoyi Zhou, Shanghang Zhang, Jieqi Peng, Shuai Zhang, Jianxin Li, Hui Xiong, Wancai Zhang",2021,"Conferencia Arbitrada","Proc. of the AAAI Conf. on Artificial Intelligence, Vol. 35, No. 12, pp. 11106-11115","10.1609/aaai.v35i12.17325","https://scholar.google.com/scholar?q=Informer+beyond+efficient+transformer+Zhou","Alta","Reducir la complejidad cuadrática de la autoatención en Transformers para posibilitar el pronóstico de series temporales muy extensas.","Mecanismo ProbSparse attention de complejidad O(L log L) y decodificador generativo en un solo paso.","Mejora sustancial en precisión predictiva a largo plazo en benchmarks de consumo eléctrico y tráfico."
"DOC_PRED_008","Macroeconomics and Reality","Christopher A. Sims",1980,"Artículo de Revista","Econometrica, Vol. 48, No. 1, pp. 1-48","10.2307/1912017","https://scholar.google.com/scholar?q=Macroeconomics+and+reality+Sims","Alta","Introducir los modelos de vectores autorregresivos (VAR) como alternativa no restringida a los sistemas macroeconométricos tradicionales.","Tratamiento simétrico de múltiples series temporales endógenas y descomposición de Cholesky de innovaciones.","Creación del estándar mundial de pronóstico multivariado y análisis de respuesta al impulso."
"DOC_PRED_009","Probabilistic Forecasting","Tilmann Gneiting, Matthias Katzfuss",2014,"Artículo de Revista","Annual Review of Statistics and Its Application, Vol. 1, pp. 125-151","10.1146/annurev-statistics-062713-085831","https://scholar.google.com/scholar?q=Probabilistic+forecasting+Gneiting+Katzfuss","Alta","Sintetizar la transición de pronósticos puntuales hacia la estimación de distribuciones de probabilidad completas.","Reglas de puntuación adecuadas (Proper Scoring Rules), CRPS y calibración de bandas de predicción.","Establecimiento del principio de maximización de la agudeza sujeto a calibración estocástica."
"DOC_PRED_010","Principles of Forecasting: A Handbook for Researchers and Practitioners","J. Scott Armstrong",2001,"Libro / Capítulo","Springer Science+Business Media, DOI: 10.1007/978-0-306-47630-3","10.1007/978-0-306-47630-3","https://scholar.google.com/scholar?q=Principles+of+Forecasting+Armstrong","Alta","Compilar 139 principios empíricamente validados para la selección, ejecución y evaluación de métodos de pronóstico.","Meta-análisis comprehensivo de la literatura de predicción en economía, clima y operaciones.","Guía definitiva sobre cómo estructurar modelos sencillos, combinar predicciones y evitar sesgos de ajuste retrospectivo."
"DOC_PRED_011","The M4 Competition: Results, Findings, Problems and Ways Forward","Spyros Makridakis, Evangelos Spiliotis, Vassilios Assimakopoulos",2018,"Artículo de Revista","International Journal of Forecasting, Vol. 34, No. 4, pp. 802-808","10.1016/j.ijforecast.2018.06.001","https://scholar.google.com/scholar?q=The+M4+Competition+results+findings+Makridakis","Alta","Evaluar el rendimiento comparativo de cientos de métodos de predicción sobre 100,000 series de tiempo reales.","Competición empírica a ciegas evaluada con métricas OWA, SMAPE y MASE.","Confirmación de que los modelos híbridos (combinando estadísticas clásicas con redes) superaron ampliamente a los métodos individuales."
"DOC_PRED_012","Generalized Autoregressive Conditional Heteroskedasticity","Tim Bollerslev",1986,"Artículo de Revista","Journal of Econometrics, Vol. 31, No. 3, pp. 307-327","10.1016/0304-4076(86)90063-1","https://scholar.google.com/scholar?q=Generalized+autoregressive+conditional+heteroskedasticity+Bollerslev","Alta","Extender el modelo ARCH de Engle permitiendo que la varianza condicional dependa de sus propios rezagos pasados.","Modelación estocástica de series financieras con colas pesadas y agrupamiento de volatilidad (volatility clustering).","Formulación del modelo GARCH(p,q), estándar universal en predicción de riesgo y volatilidad bursátil."
"DOC_PRED_013","Forecasting for Inventory Planning: A 50-Year Review","Aris A. Syntetos, John E. Boylan, Stephen M. Disney",2009,"Artículo de Revista","Journal of the Operational Research Society, Vol. 60, No. 1, pp. S149-S160","10.1057/jors.2008.173","https://scholar.google.com/scholar?q=Forecasting+for+inventory+planning+a+50-year+review+Syntetos","Alta","Revisar medio siglo de desarrollos en predicción de demanda intermitente y optimización de cadenas de suministro.","Meta-análisis comparando métodos de Croston, SBA y modelos causales en la minimización de roturas de stock.","Identificación de vínculos directos entre la precisión del pronóstico de demanda y el costo de mantenimiento de inventarios."
"DOC_PRED_014","The Quiet Revolution of Numerical Weather Prediction","Peter Bauer, Alan Thorpe, Gilbert Brunet",2015,"Artículo de Revista","Nature, Vol. 525, No. 7567, pp. 47-55","10.1038/nature14956","https://scholar.google.com/scholar?q=The+quiet+revolution+of+numerical+weather+prediction+Bauer","Alta","Documentar el avance histórico del pronóstico numérico del tiempo impulsado por asimilación de datos satelitales.","Integración de dinámica de fluidos geofísicos con asimilación variacional quadridimensional (4D-Var).","Demostración de que la tasa de precisión a 5 días hoy iguala la precisión a 3 días de hace tres décadas."
"DOC_PRED_015","Nowcasting Is Not Just Forecasting: An Introduction","Jennifer L. Castle, Nicholas W. P. Fawcett, David F. Hendry",2009,"Artículo de Revista","National Institute Economic Review, Vol. 210, pp. 71-89","10.1177/0027950109355375","https://scholar.google.com/scholar?q=Nowcasting+is+not+just+forecasting+Castle+Hendry","Alta","Formalizar la metodología de estimación del estado económico en tiempo real antes de la publicación de datos oficiales.","Modelos factoriales dinámicos con datos de frecuencias mixtas (flujos diarios vs estadísticas trimestrales).","Eliminación del retardo de información macroeconómica permitiendo decisiones monetarias oportunas."
"DOC_DW_001","The Data Warehouse Toolkit: The Definitive Guide to Dimensional Modeling","Ralph Kimball, Margy Ross",2013,"Libro / Capítulo","John Wiley & Sons, 3rd Edition, ISBN: 978-1118530801","10.1002/9781118530801","https://scholar.google.com/scholar?q=The+Data+Warehouse+Toolkit+Kimball+Ross","Alta","Presentar la metodología integral y patrones de diseño para el modelado dimensional de almacenes de datos empresariales.","Patrones de diseño formal de tablas de hechos, dimensiones conformadas, claves subrogadas y granularidad.","El esquema en estrella (Star Schema) como estructura de modelado óptima para consultas analíticas de alto rendimiento."
"DOC_DW_002","A Survey of Extract-Transform-Load Technology","Panos Vassiliadis",2009,"Artículo de Revista","International Journal of Data Warehousing and Mining, Vol. 5, No. 3, pp. 1-27","10.4018/jdwm.2009070101","https://scholar.google.com/scholar?q=A+survey+of+extract-transform-load+technology+Vassiliadis","Alta","Proveer una revisión sistemática del estado del arte en herramientas, modelos conceptuales y desafíos de los procesos ETL.","Taxonomía de patrones de transformación, zonas de staging, reconciliación de esquemas y optimización de flujos.","Demostración de que la etapa ETL consume más del 70% del presupuesto y tiempo de un proyecto de almacenamiento de datos."
"DOC_DW_003","An Overview of Data Warehousing and OLAP Technology","Surajit Chaudhuri, Umeshwar Dayal",1997,"Artículo de Revista","ACM SIGMOD Record, Vol. 26, No. 1, pp. 65-74","10.1145/248603.248613","https://scholar.google.com/scholar?q=An+overview+of+data+warehousing+and+OLAP+technology+Chaudhuri","Alta","Revisar los desafíos arquitectónicos, motores de consulta y estructuras de indexación para procesamiento analítico en línea (OLAP).","Síntesis arquitectónica comparativa de vistas materializadas, cubos multidimensionales y optimización de consultas.","Formalización de las operaciones analíticas: Roll-Up, Drill-Down, Slice, Dice y Pivot ejecutadas en el script del Tema 7."
"DOC_DW_004","Building the Data Warehouse","William H. Inmon",2005,"Libro / Capítulo","John Wiley & Sons, 4th Edition, ISBN: 978-0764599446","10.1002/9781118530802","https://scholar.google.com/scholar?q=Building+the+Data+Warehouse+Inmon+2005","Alta","Formalizar la arquitectura empresarial del Data Warehouse centralizado en tercera forma normal (3NF) y data marts dependientes.","Arquitectura de datos empresarial, linaje corporativo y separación operativa/analítica.","Definición canónica de Data Warehouse: repositorio integrado, temático, no volátil e históricamente variante."
"DOC_DW_005","Data Warehouse Design: Modern Principles and Methodologies","Matteo Golfarelli, Stefano Rizzi",2009,"Libro / Capítulo","McGraw-Hill, New York, ISBN: 978-0071610018","10.5555/1593988","https://scholar.google.com/scholar?q=Data+Warehouse+Design+Modern+Principles+and+Methodologies+Golfarelli","Alta","Formalizar el modelo conceptual DFM (Dimensional Fact Model) y el tratamiento riguroso de dimensiones de cambio lento (SCD).","Modelado formal entidad-relación extendido hacia hipercubos analíticos y álgebra relacional OLAP.","Estandarización de técnicas de versionado temporal para dimensiones que preservan la verdad histórica."
"DOC_DW_006","Lakehouse: A New Generation of Open Platforms that Unify Data Warehousing and Advanced Analytics","Michael Armbrust, Ali Ghodsi, Reynold Xin, Matei Zaharia",2021,"Conferencia Arbitrada","Proc. of the 11th Conf. on Innovative Data Systems Research (CIDR), pp. 1-8","10.5555/cidr.2021.armbrust","https://scholar.google.com/scholar?q=Lakehouse+a+new+generation+of+open+platforms+Armbrust","Alta","Introducir la arquitectura Lakehouse que implementa estructuras de datos y gestión de transacciones de DW directamente sobre Data Lakes.","Capas de metadatos versionados (Delta Lake/Iceberg) sobre almacenamiento distribuido en la nube.","Eliminación de la redundancia entre almacenes de datos y lagos de datos, unificando SQL con Machine Learning."
"DOC_DW_007","The Snowflake Elastic Data Warehouse","Benoit Dageville, Thierry Cruanes, Marcin Zukowski, Vadim Antonov, Artin Avanes, Jon Bock, Jonathan Ellis, Daniel Huang, David Lu, Ashish Motivala",2016,"Conferencia Arbitrada","Proc. of the 2016 ACM SIGMOD Int. Conf. on Management of Data, pp. 215-226","10.1145/2882903.2903741","https://scholar.google.com/scholar?q=The+Snowflake+Elastic+Data+Warehouse+Dageville","Alta","Presentar la arquitectura de almacén de datos multi-cluster diseñada específicamente para la nube pública.","Desacoplamiento total entre almacenamiento persistente (S3), procesamiento virtual y servicios globales de metadatos.","Escalabilidad elástica instantánea y aislamiento total de cargas de trabajo analíticas concurrentes."
"DOC_DW_008","Kafka: A Distributed Messaging System for Log Processing","Jay Kreps, Neha Narkhede, Jun Rao",2011,"Conferencia Arbitrada","Proc. of the 6th Int. Workshop on Networking Meets Databases (NetDB), pp. 1-7","10.5555/netdb.2011.kreps","https://scholar.google.com/scholar?q=Kafka+a+distributed+messaging+system+for+log+processing+Kreps","Alta","Diseñar un sistema distribuido de mensajería basado en log de confirmación para ingesta y flujos ETL en tiempo real.","Almacenamiento secuencial en disco con zero-copy data transfer y particionamiento horizontal.","Throughput masivo de millones de eventos por segundo para alimentar almacenes analíticos sin latencia."
"DOC_DW_009","Designing Data Governance","Vijay Khatri, Carol V. Brown",2010,"Artículo de Revista","Communications of the ACM, Vol. 53, No. 1, pp. 148-152","10.1145/1629175.1629210","https://scholar.google.com/scholar?q=Designing+data+governance+Khatri+Brown","Alta","Establecer un marco conceptual para diseñar la gobernanza y asignación de derechos de decisión sobre los activos de datos.","Estructuración en cinco dominios de decisión: principios, calidad, metadatos, acceso y ciclo de vida.","Mapeo de responsabilidades de linaje y catálogo para garantizar veracidad en la reportería analítica."
"DOC_DW_010","TFX: A TensorFlow-Based Production-Scale Machine Learning Platform","Denis Baylor, Eric Breck, Heng-Tze Cheng, Noah Fiedel, Chuan Yu Foo, Zakaria Haque, Salman Haydar, Mustafa Ispir, Vihan Jain, Levent Koc, Chiu Yuen Koo, Lukasz Lew, Lichan Hong, Mustafa Suleyman",2017,"Conferencia Arbitrada","Proc. of the 23rd ACM SIGKDD Int. Conf. on Knowledge Discovery and Data Mining, pp. 1387-1395","10.1145/3097983.3098021","https://scholar.google.com/scholar?q=TFX+A+TensorFlow-based+production-scale+machine+learning+platform+Baylor","Alta","Presentar la plataforma industrial que conecta almacenes analíticos y Feature Stores con entrenamiento continuo de modelos.","Componentes modulares para validación de esquemas (ExampleGen), transformación y detección de sesgo de entrenamiento/servicio.","Prevención de discrepancias de datos entre las consultas analíticas del Data Warehouse y la inferencia en producción."
"DOC_U2_MOD_001","Principles of Data Mining","David J. Hand, Heikki Mannila, Padhraic Smyth",2001,"Libro Canónico","MIT Press, Cambridge, MA","10.5555/560611","https://scholar.google.com/scholar?q=Principles+of+Data+Mining+Hand+Mannila","Alta","Formalizar la teoría matemática y estadística de modelos de minería.","Tratado estadístico de modelos de riesgo.","Definición rigurosa de modelos globales y locales."
"DOC_U2_MOD_002","Introduction to Data Mining","Pang-Ning Tan, Michael Steinbach, Vipin Kumar",2006,"Libro Canónico","Addison-Wesley, Boston","10.5555/1095618","https://scholar.google.com/scholar?q=Introduction+to+Data+Mining+Tan+Steinbach","Alta","Estructurar conceptos, algoritmos y protocolos de evaluación.","Taxonomía algorítmica exhaustiva.","Marco estándar para clasificación y agrupamiento."
"DOC_U2_MOD_003","Data Mining: Practical Machine Learning Tools and Techniques","Ian H. Witten, Eibe Frank, Mark A. Hall",2011,"Libro Canónico","Morgan Kaufmann, Burlington, MA","10.1016/C2009-0-19715-5","https://scholar.google.com/scholar?q=Data+Mining+Practical+Machine+Learning+Witten","Alta","Proveer herramientas prácticas y marcos de evaluación experimental.","Marco experimental de validación cruzada y métricas.","Estandarización de protocolos empíricos de evaluación."
"DOC_U2_MET_001","The Elements of Statistical Learning","Trevor Hastie, Robert Tibshirani, Jerome Friedman",2009,"Libro Canónico","Springer Series in Statistics, New York","10.1007/978-0-387-84858-7","https://scholar.google.com/scholar?q=The+Elements+of+Statistical+Learning+Hastie","Alta","Desarrollar la teoría matemática de métodos supervisados.","Inferencia estadística y teoría de regularización.","Demostración del compromiso sesgo-varianza."
"DOC_U2_MET_002","Data Clustering: A Review","Anil K. Jain, M. Narasimha Murty, Patrick J. Flynn",1999,"Revisión Sistemática","ACM Computing Surveys (CSUR), Vol. 31, No. 3, pp. 264-323","10.1145/331499.331504","https://scholar.google.com/scholar?q=Data+Clustering+A+Review+Jain","Alta","Revisar la taxonomía completa de métodos de agrupamiento.","Revisión sistemática de clustering jerárquico y particional.","Definición del estándar de clustering en minería de datos."
"DOC_U2_MET_003","Anomaly Detection: A Survey","Varun Chandola, Arindam Banerjee, Vipin Kumar",2009,"Revisión Sistemática","ACM Computing Surveys (CSUR), Vol. 41, No. 3, pp. 1-58","10.1145/1541880.1541882","https://scholar.google.com/scholar?q=Anomaly+Detection+A+Survey+Chandola","Alta","Analizar métodos de detección de anomalías.","Taxonomía de anomalías contextuales y de punto.","Directrices para selección de métodos según la dimensionalidad."
"DOC_U2_ARB_001","Classification and Regression Trees","Leo Breiman, Jerome H. Friedman, Richard A. Olshen, Charles J. Stone",1984,"Libro Canónico Fundacional","Wadsworth & Brooks/Cole, Monterey, CA, ISBN: 978-0412048418","10.1201/9781315139470","https://scholar.google.com/scholar?q=Classification+and+Regression+Trees+Breiman","Alta","Desarrollar la metodología algorítmica formal de los árboles CART.","Algoritmo de partición recursiva binaria y poda coste-complejidad.","Fundamentación teórica universal de los árboles de decisión en aprendizaje estadístico."
"DOC_U2_ARB_002","C4.5: Programs for Machine Learning","J. Ross Quinlan",1993,"Libro Canónico Fundacional","Morgan Kaufmann Publishers, San Mateo, CA, ISBN: 978-1558602380","10.1016/C2009-0-27926-4","https://scholar.google.com/scholar?q=C4.5+Programs+for+Machine+Learning+Quinlan","Alta","Presentar la construcción algorítmica de árboles de decisión con ganancia de información.","Métricas de teoría de la información (entropía de Shannon) para particiones multiclase.","Demostración de eficiencia y robustez de C4.5 frente a valores perdidos y atributos continuos."
"DOC_U2_NN_001","Learning Representations by Back-Propagating Errors","David E. Rumelhart, Geoffrey E. Hinton, Ronald J. Williams",1986,"Artículo de Revista Seminal","Nature, Vol. 323, No. 6088, pp. 533-536","10.1038/323533a0","https://scholar.google.com/scholar?q=Learning+representations+by+back-propagating+errors+Rumelhart","Alta","Presentar el algoritmo de retropropagación del error para optimización en capas ocultas.","Deducción analítica de la regla de la cadena multivariada para descenso de gradiente.","Demostración de que las capas ocultas aprenden representaciones internas no lineales útiles."
"DOC_U2_NN_002","Neural Networks for Pattern Recognition","Christopher M. Bishop",1995,"Libro de Referencia","Oxford University Press, Oxford, ISBN: 978-0198538646","10.5555/525960","https://scholar.google.com/scholar?q=Neural+Networks+for+Pattern+Recognition+Bishop","Alta","Desarrollar el tratamiento estadístico formal de las redes neuronales feed-forward.","Integración de teoría bayesiana y funciones de densidad condicional en redes neuronales.","Establecimiento de las redes neuronales como estimadores no paramétricos de probabilidad a posteriori."
"DOC_U2_APP_001","Application of Data Mining Techniques in Customer Relationship Management","Eric W. T. Ngai, Li Xiu, Dorothy C. K. Chau",2009,"Artículo de Revista","Expert Systems with Applications, Vol. 36, No. 2, pp. 2592-2602","10.1016/j.eswa.2008.02.021","https://scholar.google.com/scholar?q=Application+of+Data+Mining+Techniques+in+CRM+Ngai","Alta","Clasificar aplicaciones de minería de datos en CRM.","Revisión sistemática en 4 dimensiones de CRM.","Clasificación y asociación generan el mayor ROI."
"DOC_U2_APP_002","A Comprehensive Survey of Data Mining-Based Fraud Detection Research","Clifton Phua, Vincent Lee, Kate Smith, Ross Gayler",2010,"Revisión Sistemática","Artificial Intelligence Review, Vol. 34, No. 1, pp. 1-14","10.1007/s10462-010-9177-3","https://scholar.google.com/scholar?q=A+Comprehensive+Survey+of+Data+Mining+Based+Fraud+Phua","Alta","Sintetizar métodos para mitigación de fraude en tarjetas y seguros.","Taxonomía de fraude y algoritmos supervisados.","Directrices para el balance de clases severamente desequilibradas."
"DOC_U2_APP_003","Data Mining in Healthcare and Biomedicine: A Survey","Illhoi Yoo, Patricia Alafaireet, Miroslav Marinov",2012,"Artículo de Revista","Journal of Medical Systems, Vol. 36, No. 4, pp. 2431-2448","10.1007/s10916-011-9771-4","https://scholar.google.com/scholar?q=Data+Mining+in+Healthcare+and+Biomedicine+Yoo","Alta","Revisar aplicaciones clínicas de minería en hospitales.","Revisión de literatura en historias clínicas electrónicas.","Impacto positivo en la reducción de diagnósticos erróneos."
"DOC_U2_EDM_001","Educational Data Mining: A Review of the State of the Art","Cristobal Romero, Sebastian Ventura",2010,"Artículo de Revista Seminal","IEEE Transactions on Systems, Man, and Cybernetics, Part C, Vol. 40, No. 6, pp. 601-618","10.1109/TSMCC.2010.2053532","https://scholar.google.com/scholar?q=Educational+Data+Mining+Romero+Ventura","Alta","Proveer la revisión de referencia sobre EDM.","Revisión sistemática de literatura pedagógica y computacional.","Clasificación canónica de tareas de EDM."
"DOC_U2_EDM_002","The State of Educational Data Mining in 2009: A Review and Future Visions","Ryan S. J. d. Baker, Kalina Yacef",2009,"Artículo de Revista","Journal of Educational Data Mining, Vol. 1, No. 1, pp. 3-17","10.5281/zenodo.3554657","https://scholar.google.com/scholar?q=The+State+of+Educational+Data+Mining+in+2009+Baker","Alta","Estructurar las direcciones emergentes de la disciplina.","Evaluación longitudinal de plataformas LMS.","Identificación del modelado del estudiante como reto prioritario."
"DOC_U2_EDM_003","Learning Analytics and Educational Data Mining: Towards Communication and Collaboration","George Siemens, Ryan S. J. d. Baker",2012,"Conferencia Arbitrada","Proc. 2nd Int. Conf. on Learning Analytics and Knowledge (LAK '12), pp. 252-254","10.1145/2330601.2330661","https://scholar.google.com/scholar?q=Learning+Analytics+and+Educational+Data+Mining+Siemens","Alta","Analizar la convergencia entre EDM y analítica del aprendizaje.","Análisis comparativo de métodos empíricos.","Marco de integración entre intervenciones pedagógicas y modelos automáticos."
"DOC_U3_ARB_001","A Data-Driven Approach to Predict the Success of Bank Telemarketing","Sérgio Moro, Paulo Cortez, Paulo Rita",2014,"Artículo de Revista","Decision Support Systems, Vol. 62, pp. 22-31","10.1016/j.dss.2014.03.001","https://scholar.google.com/scholar?q=A+data-driven+approach+to+predict+the+success+of+bank+telemarketing+Moro","Alta","Modelar la aceptación de depósitos bancarios a plazo fijo mediante minería de datos.","Aplicación de árboles de decisión y métricas de curva ROC sobre campañas directas.","Identificación de la duración del contacto y el balance como factores más predictivos."
"DOC_U3_NN_001","Using the ADAP Learning Algorithm to Forecast the Onset of Diabetes Mellitus","Jack W. Smith, J. E. Everhart, W. C. Dickson, W. C. Knowler, R. S. Johannes",1988,"Conferencia Arbitrada","Proc. of the Annual Symposium on Computer Application in Medical Care, pp. 261-265","10.5555/adap.diabetes.1988","https://scholar.google.com/scholar?q=Using+the+ADAP+learning+algorithm+to+forecast+the+onset+of+diabetes+mellitus+Smith","Alta","Predecir la aparición de diabetes tipo 2 a partir de variables antropométricas.","Entrenamiento conexionista de red neuronal multicapa con ajuste adaptativo de pesos.","Alcanzó 76% de exactitud diagnóstica sentando el benchmark oficial de UCI Diabetes."
"DOC_U3_CLU_001","Strategic Clustering of Wholesale Customers Using Spending Patterns","Margarida G. M. S. Cardoso",2013,"Artículo Científico / Documento Técnico","ISCTE Business School Research Papers, Lisbon, Portugal","10.5555/wholesale.cardoso.2013","https://scholar.google.com/scholar?q=Wholesale+Customers+Dataset+Cardoso+Lisbon","Alta","Segmentar clientes distribuidores según estructura de gastos en productos frescos y abarrotes.","K-Means particional y análisis de silueta sobre distancias euclídeas escaladas.","Diferenciación clara de dos canales de negocio (Horeca vs Minoristas independientes)."
"DOC_U3_TS_001","Short-Term Electricity Demand Forecasting Using Double Seasonal Exponential Smoothing","James W. Taylor",2003,"Artículo de Revista","Journal of the Operational Research Society, Vol. 54, No. 8, pp. 799-805","10.1057/palgrave.jors.2601589","https://scholar.google.com/scholar?q=Short-term+electricity+demand+forecasting+using+double+seasonal+Taylor","Alta","Pronosticar perfiles estacionales de consumo eléctrico de alta frecuencia.","Extensión del suavizamiento exponencial Holt-Winters adaptado a ciclos intra-diarios y anuales.","Reducción significativa del error porcentual absoluto medio (MAPE) frente a modelos ARIMA estándar."
"DOC_U3_ASO_001","Fast Algorithms for Mining Association Rules in Large Databases","Rakesh Agrawal, Ramakrishnan Srikant",1994,"Conferencia Arbitrada Fundacional","Proc. of the 20th Int. Conf. on Very Large Data Bases (VLDB '94), pp. 487-499","10.5555/645920.672836","https://scholar.google.com/scholar?q=Fast+algorithms+for+mining+association+rules+Agrawal","Alta","Proponer el algoritmo Apriori para extracción rápida de patrones frecuentes en compras.","Poda por propiedad monótona descendente de soporte en conjuntos de ítems frecuentes.","Establecimiento del algoritmo fundacional sobre el cual se sustenta la analítica de canasta."
"DOC_U3_VAL_001","Statistical Data Cleaning with Applications in R","Mark van der Loo, Edwin de Jonge",2018,"Libro Técnico Especializado","John Wiley & Sons, Chichester, UK, ISBN: 978-1118897157","10.1002/9781118897126","https://scholar.google.com/scholar?q=Statistical+Data+Cleaning+with+Applications+in+R+Van+der+Loo","Alta","Sistematizar el tratamiento formal de errores, inconsistencias y outliers en R.","Marcos algebraicos de reglas de edición, imputación robusta y detección de anomalías multivariadas.","Directrices metodológicas reproducibles para certificar la integridad de bases de datos antes de modelar."
"DOC_U3_INT_001","Applied Predictive Modeling: Data Preprocessing and Resampling Strategies","Max Kuhn, Kjell Johnson",2013,"Libro de Referencia","Springer, New York, ISBN: 978-1461468486","10.1007/978-1-4614-6849-3","https://scholar.google.com/scholar?q=Applied+Predictive+Modeling+Kuhn+Johnson","Alta","Formalizar las técnicas de integración multifuente, codificación y muestreo estratificado.","Validación cruzada k-fold estratificada y pipelines de transformación en R.","Demostración de que una partición estratificada previene el sesgo de selección en clases raras."
"DOC_U4_SEL_001","Early Prediction of Student Dropout and Academic Success in Higher Education","M. V. Martins, D. Tolledo, J. Machado, L. M. T. Baptista, V. Realinho",2021,"Artículo Científico / Data in Brief","Data in Brief, Vol. 39, 107530","10.1016/j.dib.2021.107530","https://scholar.google.com/scholar?q=Early+prediction+of+student+dropout+and+academic+success+Martins","Alta","Describir y validar el benchmark de deserción universitaria del Instituto Politécnico de Portalegre.","Extracción de registros académicos institucionales y estandarización para minería supervisada.","Puesta a disposición pública del dataset estándar para mitigación del abandono en educación superior."
"DOC_U4_TEC_001","Predicting Student Failure at School Using Genetic Programming and Machine Learning Classifiers","Evandro B. Costa, Baldoino Fonseca, Marcelo A. Santana, Fernando F. de Araujo, Joilson Rego",2017,"Artículo de Revista","Computers & Education, Vol. 110, pp. 21-38","10.1016/j.compedu.2017.03.003","https://scholar.google.com/scholar?q=Predicting+student+failure+at+school+Costa","Alta","Comparar algoritmos de clasificación en la predicción temprana de fracaso escolar.","Benchmarking multimodelo de SVM, Redes Neuronales, Árboles y Naive Bayes.","Los modelos conexionistas y ensamblados alcanzan la máxima exactitud predictiva."
"DOC_U4_DOC_001","The CRISP-ML(Q) Process Model: A Process Model for the Development of Machine Learning Applications","Stefan Studer, Thi Bich Ngoc Bui, Christian Drescher, Alexander Hanuschkin, Ludwig Winkler",2021,"Artículo de Conferencia / Preprint","IEEE Access / Machine Learning Engineering Standards","10.1109/ACCESS.2021.3059885","https://scholar.google.com/scholar?q=CRISP-ML+process+model+Studer","Alta","Estandarizar el modelo de documentación y control de calidad en proyectos de machine learning.","Extensión formal de CRISP-DM incorporando directrices de documentación y monitoreo.","Definición del estándar documental para reportes técnicos reproducibles de minería."
"DOC_U4_SUS_001","Now You See It: Simple Visualization Techniques for Quantitative Analysis","Stephen Few",2009,"Libro de Referencia","Analytics Press, Burlingame, CA, ISBN: 978-0970601988","10.5555/1593457","https://scholar.google.com/scholar?q=Now+You+See+It+Stephen+Few","Alta","Presentar principios de diseño para sustentación ejecutiva de hallazgos analíticos.","Psicología perceptual aplicada a la visualización de datos cuantitativos.","Directrices para maximizar la tasa dato-tinta en presentaciones académicas y ejecutivas."
