"tema_id","tema_nombre","id_ecuacion","nivel","consulta","url_scholar","objetivo","palabras_clave","operadores","documentos_esperados","justificacion"
"05_modelos_hibridos","Modelos híbridos","MH-001","Clustering + Clasificación (Bi-etapa)","(""hybrid model"" OR ""hybrid models"" OR ""modelos híbridos"") AND (""clustering"" AND ""classification"") AND (""data mining"" OR ""machine learning"")","https://scholar.google.com/scholar?q=%28%22hybrid%20model%22%20OR%20%22hybrid%20models%22%20OR%20%22modelos%20h%C3%ADbridos%22%29%20AND%20%28%22clustering%22%20AND%20%22classification%22%29%20AND%20%28%22data%20mining%22%20OR%20%22machine%20learning%22%29","Identificar arquitecturas que combinan aprendizaje no supervisado (segmentación previa) con aprendizaje supervisado por grupo.","hybrid model, clustering, classification, data mining, machine learning","AND, OR, comillas dobles, paréntesis","Artículos pioneros de clasificadores guiados por conglomerados (cluster-then-predict).","Demuestra cómo reducir la heterogeneidad global del espacio de datos mediante modelos locales especializados."
"05_modelos_hibridos","Modelos híbridos","MH-002","Ensamble, Stacking y Fusión Paradigmática","(""hybrid intelligent systems"" OR ""hybrid predictive models"") AND (stacking OR ""ensemble learning"" OR ""neural network and decision tree"" OR ""neuro-fuzzy"")","https://scholar.google.com/scholar?q=%28%22hybrid%20intelligent%20systems%22%20OR%20%22hybrid%20predictive%20models%22%29%20AND%20%28stacking%20OR%20%22ensemble%20learning%22%20OR%20%22neural%20network%20and%20decision%20tree%22%20OR%20%22neuro-fuzzy%22%29","Documentar la integración de modelos estadísticos clásicos con técnicas de aprendizaje profundo o algoritmos neurodifusos.","hybrid intelligent systems, stacking, ensemble learning, neural network, neuro-fuzzy","AND, OR, comillas dobles, paréntesis","Publicaciones en Information Fusion, IEEE Trans. on Fuzzy Systems sobre meta-aprendices y stacking.","El apilamiento y la complementariedad estructural superan sesgos individuales de algoritmos aislados."
"05_modelos_hibridos","Modelos híbridos","MH-003","Revisiones Sistemáticas y Rendimiento Comparado","(""hybrid models"" OR ""hybrid modeling"") AND (""systematic review"" OR survey) AND (performance OR ""accuracy improvement"")","https://scholar.google.com/scholar?q=%28%22hybrid%20models%22%20OR%20%22hybrid%20modeling%22%29%20AND%20%28%22systematic%20review%22%20OR%20survey%29%20AND%20%28performance%20OR%20%22accuracy%20improvement%22%29","Recuperar síntesis de evidencia sobre el incremento empírico de exactitud atribuible a la hibridación.","hybrid models, systematic review, survey, performance, accuracy improvement","AND, OR, comillas dobles, paréntesis","Revisiones sistemáticas que cuantifican la ganancia predictiva y los costos computacionales de la hibridación.","Aporta respaldo bibliográfico formal para justificar la mayor complejidad algorítmica frente a la parsimonia."
"05_modelos_hibridos","Modelos híbridos","MH-004","Cluster-then-Predict y Modelos Locales","(""cluster-then-predict"" OR ""clustering-based classification"" OR ""hybrid clustering"") AND (""k-means"" OR ""spectral clustering"") AND (""SVM"" OR ""random forest"")","https://scholar.google.com/scholar?q=%28%22cluster-then-predict%22%20OR%20%22clustering-based%20classification%22%20OR%20%22hybrid%20clustering%22%29%20AND%20%28%22k-means%22%20OR%20%22spectral%20clustering%22%29%20AND%20%28%22SVM%22%20OR%20%22random%20forest%22%29","Analizar el marco bi-etapa formal de partición de muestras y ajuste de clasificadores discriminantes locales.","cluster-then-predict, clustering-based classification, hybrid clustering, k-means, SVM, random forest","AND, OR, comillas dobles, paréntesis","Estudios empíricos donde la hibridación clustering+clasificación supera a los clasificadores monolíticos.","Fundamento teórico y metodológico de la arquitectura práctica desarrollada en este proyecto."
"05_modelos_hibridos","Modelos híbridos","MH-005","Hibridación Estadístico-Neuronal (ARIMA + Redes)","(""hybrid statistical and machine learning"" OR ""modelos híbridos estadísticos"") AND (""ARIMA"" AND ""neural network"") OR (""ARIMA"" AND ""LSTM"")","https://scholar.google.com/scholar?q=%28%22hybrid%20statistical%20and%20machine%20learning%22%20OR%20%22modelos%20h%C3%ADbridos%20estad%C3%ADsticos%22%29%20AND%20%28%22ARIMA%22%20AND%20%22neural%20network%22%29%20OR%20%28%22ARIMA%22%20AND%20%22LSTM%22%29","Investigar la descomposición de series donde el componente lineal es modelado con ARIMA y los residuos con redes neuronales.","hybrid statistical and machine learning, ARIMA, neural network, LSTM, time series","AND, OR, comillas dobles, paréntesis","Trabajos seminales de Zhang (2003) y extensiones recientes con redes de memoria profunda (LSTM).","Combina la solidez paramétrica lineal de Box-Jenkins con la capacidad no lineal de las redes."
"05_modelos_hibridos","Modelos híbridos","MH-006","Generalización Apilada (Stacking y Meta-Aprendizaje)","(""stacked generalization"" OR ""stacking classifier"" OR ""meta-learning"") AND (""base learners"" OR ""meta-learner"" OR ""cross-validation stacking"")","https://scholar.google.com/scholar?q=%28%22stacked%20generalization%22%20OR%20%22stacking%20classifier%22%20OR%20%22meta-learning%22%29%20AND%20%28%22base%20learners%22%20OR%20%22meta-learner%22%20OR%20%22cross-validation%20stacking%22%29","Estudiar el protocolo de Wolpert para combinar predicciones fuera de bolsa de modelos base heterogéneos mediante un meta-estimador.","stacked generalization, stacking classifier, meta-learning, base learners, meta-learner","AND, OR, comillas dobles, paréntesis","Artículos teóricos sobre garantías asintóticas de stacking frente a ensambles homogéneos.","Permite explotar las ventajas inductivas de familias completamente dispares (árboles, lineales, vecinos)."
"05_modelos_hibridos","Modelos híbridos","MH-007","Sistemas Híbridos Neuro-Difusos (ANFIS)","(""neuro-fuzzy systems"" OR ""ANFIS"" OR ""sistemas neuro-difusos"") AND (""fuzzy logic"" AND ""neural networks"") AND (""rule extraction"" OR ""prediction"")","https://scholar.google.com/scholar?q=%28%22neuro-fuzzy%20systems%22%20OR%20%22ANFIS%22%20OR%20%22sistemas%20neuro-difusos%22%29%20AND%20%28%22fuzzy%20logic%22%20AND%20%22neural%20networks%22%29%20AND%20%28%22rule%20extraction%22%20OR%20%22prediction%22%29","Examinar la fusión de redes neuronales con sistemas de inferencia difusa basados en reglas lingüísticas.","neuro-fuzzy systems, ANFIS, fuzzy logic, neural networks, rule extraction, prediction","AND, OR, comillas dobles, paréntesis","Publicaciones seminales de Jang y aplicaciones en control y modelado interpretables.","Otorga capacidad de aprendizaje automático a sistemas de conocimiento experto difusos."
"05_modelos_hibridos","Modelos híbridos","MH-008","Hibridación Bioinspirada: Genéticos + Machine Learning","(""hybrid genetic algorithm"" OR ""algoritmos genéticos híbridos"") AND (""optimization"" AND ""machine learning"") AND (""feature selection"" OR ""hyperparameter tuning"")","https://scholar.google.com/scholar?q=%28%22hybrid%20genetic%20algorithm%22%20OR%20%22algoritmos%20gen%C3%A9ticos%20h%C3%ADbridos%22%29%20AND%20%28%22optimization%22%20AND%20%22machine%20learning%22%29%20AND%20%28%22feature%20selection%22%20OR%20%22hyperparameter%20tuning%22%29","Documentar la optimización evolutiva del espacio de atributos o hiperparámetros para modelos inductivos.","hybrid genetic algorithm, algoritmos genéticos híbridos, optimization, feature selection, hyperparameter tuning","AND, OR, comillas dobles, paréntesis","Modelos híbridos GA-SVM o GA-Random Forest aplicados a optimización combinatoria compleja.","Resuelve problemas de búsqueda en espacios multimodales donde el gradiente no existe o es ruidoso."
"05_modelos_hibridos","Modelos híbridos","MH-009","Reducción Dimensional Híbrida (PCA + Clasificación)","(""hybrid dimensionality reduction"" OR ""PCA and classification"") AND (""principal component analysis"" OR ""t-SNE"") AND (""random forest"" OR ""neural network"")","https://scholar.google.com/scholar?q=%28%22hybrid%20dimensionality%20reduction%22%20OR%20%22PCA%20and%20classification%22%29%20AND%20%28%22principal%20component%20analysis%22%20OR%20%22t-SNE%22%29%20AND%20%28%22random%20forest%22%20OR%20%22neural%20network%22%29","Analizar pipelines secuenciales donde la transformación ortogonal previa elimina colinealidad antes del ajuste clasificador.","hybrid dimensionality reduction, PCA and classification, principal component analysis, random forest","AND, OR, comillas dobles, paréntesis","Estudios sobre filtrado de ruido y reducción espectral previa al modelado predictivo.","Evita la maldición de la dimensionalidad estabilizando el entrenamiento de clasificadores complejos."
"05_modelos_hibridos","Modelos híbridos","MH-010","Sistemas Híbridos de Recomendación","(""hybrid recommender systems"" OR ""sistemas de recomendación híbridos"") AND (""collaborative filtering"" AND ""content-based filtering"")","https://scholar.google.com/scholar?q=%28%22hybrid%20recommender%20systems%22%20OR%20%22sistemas%20de%20recomendaci%C3%B3n%20h%C3%ADbridos%22%29%20AND%20%28%22collaborative%20filtering%22%20AND%20%22content-based%20filtering%22%29","Investigar la combinación de filtrado colaborativo con filtrado basado en contenido para mitigar el problema del arranque en frío.","hybrid recommender systems, collaborative filtering, content-based filtering, cold start","AND, OR, comillas dobles, paréntesis","Artículos de Burke et al. sobre arquitecturas ponderadas, en cascada y combinadas de recomendación.","La hibridación es el estándar obligatorio en plataformas de comercio electrónico y streaming."
"05_modelos_hibridos","Modelos híbridos","MH-011","Modelos Físico-Estadísticos (Physics-Informed ML)","(""physics-informed machine learning"" OR ""hybrid physics-data models"") AND (""differential equations"" AND ""neural networks"")","https://scholar.google.com/scholar?q=%28%22physics-informed%20machine%20learning%22%20OR%20%22hybrid%20physics-data%20models%22%29%20AND%20%28%22differential%20equations%22%20AND%20%22neural%20networks%22%29","Explorar la integración de leyes físicas y ecuaciones diferenciales como penalizaciones en funciones de pérdida de machine learning.","physics-informed machine learning, hybrid physics-data models, differential equations, neural networks","AND, OR, comillas dobles, paréntesis","Publicaciones seminales de Raissi et al. (PINNs) en modelado de fluidos y materiales.","Garantiza que las inferencias algorítmicas respeten principios de conservación de masa y energía."
"05_modelos_hibridos","Modelos híbridos","MH-012","Modelos Híbridos en Riesgo Financiero y Crediticio","(""hybrid credit scoring"" OR ""riesgo crediticio híbrido"") AND (""logistic regression"" AND ""machine learning"" OR ""SVM and decision tree"")","https://scholar.google.com/scholar?q=%28%22hybrid%20credit%20scoring%22%20OR%20%22riesgo%20crediticio%20h%C3%ADbrido%22%29%20AND%20%28%22logistic%20regression%22%20AND%20%22machine%20learning%22%20OR%20%22SVM%20and%20decision%20tree%22%29","Documentar la integración de modelos econométricos tradicionales con clasificadores no lineales en banca.","hybrid credit scoring, riesgo crediticio híbrido, logistic regression, machine learning, SVM","AND, OR, comillas dobles, paréntesis","Estudios empíricos donde la hibridación reduce la tasa de falsos positivos en impago de préstamos.","Cumple con requerimientos de Basilea manteniendo explicabilidad y elevando la precisión."
"05_modelos_hibridos","Modelos híbridos","MH-013","Modelos Híbridos en Diagnóstico Clínico Multimodal","(""hybrid models in medicine"" OR ""modelos híbridos en medicina"") AND (""clinical diagnosis"" OR ""disease prediction"") AND (""multimodal data"" OR ""fusion"")","https://scholar.google.com/scholar?q=%28%22hybrid%20models%20in%20medicine%22%20OR%20%22modelos%20h%C3%ADbridos%20en%20medicina%22%29%20AND%20%28%22clinical%20diagnosis%22%20OR%20%22disease%20prediction%22%29%20AND%20%28%22multimodal%20data%22%20OR%20%22fusion%22%29","Analizar arquitecturas de fusión multimodal que combinan datos tabulares de laboratorio con imágenes o señales.","hybrid models in medicine, clinical diagnosis, disease prediction, multimodal data, fusion","AND, OR, comillas dobles, paréntesis","Modelos híbridos de diagnóstico precoz en oncología y cardiología.","La toma de decisiones médicas es intrínsecamente multimodal y heterogénea."
"05_modelos_hibridos","Modelos híbridos","MH-014","Modelos Híbridos en Pronóstico Energético","(""hybrid energy forecasting"" OR ""predicción de energía híbrida"") AND (""wind power"" OR ""solar irradiance"" OR ""electricity load"") AND (""hybrid model"")","https://scholar.google.com/scholar?q=%28%22hybrid%20energy%20forecasting%22%20OR%20%22predicci%C3%B3n%20de%20energ%C3%ADa%20h%C3%ADbrida%22%29%20AND%20%28%22wind%20power%22%20OR%20%22solar%20irradiance%22%20OR%20%22electricity%20load%22%29%20AND%20%28%22hybrid%20model%22%29","Evaluar ensambles híbridos de modelos numéricos del clima con árboles potenciados para pronóstico renovable.","hybrid energy forecasting, wind power, solar irradiance, electricity load, hybrid model","AND, OR, comillas dobles, paréntesis","Estudios sobre despacho económico de redes eléctricas con alta penetración renovable.","La variabilidad meteorológica exige combinar física atmosférica con ajuste estadístico fino."
"05_modelos_hibridos","Modelos híbridos","MH-015","Teoría de la Diversidad y Descomposición del Error","(""diversity in ensemble methods"" OR ""diversidad en ensambles híbridos"") AND (""bias-variance tradeoff"" OR ""ambiguity decomposition"") AND (""hybrid models"")","https://scholar.google.com/scholar?q=%28%22diversity%20in%20ensemble%20methods%22%20OR%20%22diversidad%20en%20ensambles%20h%C3%ADbridos%22%29%20AND%20%28%22bias-variance%20tradeoff%22%20OR%20%22ambiguity%20decomposition%22%29%20AND%20%28%22hybrid%20models%22%29","Estudiar la formulación matemática de por qué la hibridación reduce el riesgo esperado mediante diversidad de hipótesis.","diversity in ensemble methods, bias-variance tradeoff, ambiguity decomposition, hybrid models","AND, OR, comillas dobles, paréntesis","Tratados de Zhi-Hua Zhou y Krogh-Vedelsby sobre el teorema de descomposición de ambigüedad.","Provee la demostración matemática formal de la superioridad esperada del modelo híbrido."
