"Anio","Mes","Demanda_GWh"
2014,1,1975
2014,2,2118
2014,3,2026
2014,4,1943
2014,5,1849
2014,6,1692
2014,7,1571
2014,8,1560
2014,9,1617
2014,10,1609
2014,11,1842
2014,12,1980
2015,1,1983
2015,2,2120
2015,3,2080
2015,4,1997
2015,5,1803
2015,6,1754
2015,7,1735
2015,8,1622
2015,9,1631
2015,10,1735
2015,11,1903
2015,12,2040
2016,1,2071
2016,2,2226
2016,3,2180
2016,4,2054
2016,5,1962
2016,6,1802
2016,7,1700
2016,8,1629
2016,9,1639
2016,10,1797
2016,11,1879
2016,12,1989
2017,1,2281
2017,2,2287
2017,3,2240
2017,4,2033
2017,5,1993
2017,6,1930
2017,7,1763
2017,8,1798
2017,9,1724
2017,10,1866
2017,11,1995
2017,12,2190
2018,1,2272
2018,2,2294
2018,3,2257
2018,4,2212
2018,5,2090
2018,6,1953
2018,7,1830
2018,8,1711
2018,9,1791
2018,10,1962
2018,11,2069
2018,12,2170
2019,1,2303
2019,2,2409
2019,3,2334
2019,4,2265
2019,5,2082
2019,6,1984
2019,7,1912
2019,8,1863
2019,9,1938
2019,10,1967
2019,11,2061
2019,12,2305
2020,1,2252
2020,2,2358
2020,3,2328
2020,4,2367
2020,5,2226
2020,6,2036
2020,7,1931
2020,8,1875
2020,9,1953
2020,10,1930
2020,11,2114
2020,12,2229
2021,1,2408
2021,2,2432
2021,3,2467
2021,4,2366
2021,5,2223
2021,6,2145
2021,7,1931
2021,8,1948
2021,9,1987
2021,10,2158
2021,11,2284
2021,12,2348
2022,1,2515
2022,2,2527
2022,3,2492
2022,4,2463
2022,5,2269
2022,6,2204
2022,7,2003
2022,8,1942
2022,9,2030
2022,10,2113
2022,11,2227
2022,12,2311
2023,1,2512
2023,2,2597
2023,3,2562
2023,4,2388
2023,5,2330
2023,6,2195
2023,7,2109
2023,8,2020
2023,9,2006
2023,10,2148
2023,11,2350
2023,12,2468
