"Glucosa","IMC","Presion_Arterial","Edad","Diagnostico_Diabetes"
103,30.6,60,52,1
113,24,60,27,1
167,27.2,72,34,1
122,30.8,70,61,1
124,35,41,60,1
171,21.1,84,23,1
134,28.9,75,64,1
82,35.5,101,27,0
99,27.8,80,51,1
107,32.4,67,44,0
157,34,106,48,1
131,32.6,106,57,1
132,34.9,57,44,1
123,30.3,78,69,1
103,28.5,69,69,0
174,15.1,74,40,1
135,30.4,75,51,1
61,33.6,57,38,0
141,34.2,75,42,1
106,27.7,93,32,1
88,41.7,70,21,1
113,32.7,70,22,1
89,31.8,89,24,0
98,38.6,83,58,1
101,26.7,52,44,1
69,28.3,75,63,1
145,45.4,92,50,1
125,31.1,89,30,1
86,40.8,77,51,1
158,22.4,81,65,1
133,29.9,58,60,1
111,33.3,76,46,1
147,32.8,61,42,1
146,25,67,53,1
145,31.1,83,64,1
141,24.5,58,65,1
137,35.3,75,30,1
118,37.5,77,34,1
111,17.7,73,27,0
109,38.4,94,60,1
99,23.6,60,26,1
114,33.7,79,62,1
82,35,71,59,0
185,29.8,69,67,1
156,27.1,78,44,1
86,32,60,67,1
108,33.6,56,59,1
106,36.3,66,64,1
143,18.7,93,40,1
117,21.2,73,26,1
128,39.6,76,35,0
119,37.3,70,56,1
119,33.6,78,38,1
161,35.3,61,40,1
113,36.5,86,23,1
165,15,79,47,1
74,37.7,62,27,1
138,28.1,73,64,1
124,32.4,81,25,1
126,29.2,79,59,1
131,36.2,90,63,1
105,28.9,65,23,1
110,34.1,85,34,1
89,28.7,84,52,1
88,24.4,70,59,1
129,38.3,60,41,1
133,35.4,59,67,1
122,41.3,77,40,1
148,31.4,71,42,1
182,37.8,93,35,1
105,42.9,78,51,1
51,29.3,68,48,1
150,23.1,60,23,1
99,29.6,65,58,1
99,29.7,76,31,0
151,31.9,67,53,1
111,41.3,78,47,1
83,29,68,52,1
125,33.2,71,51,1
116,29.6,63,35,0
120,31.1,95,32,1
132,32.9,76,47,1
109,39,75,70,1
139,31.7,52,37,1
113,35.3,80,37,1
130,35.7,60,23,0
153,36.5,61,47,1
133,27.6,83,50,1
110,40.8,67,57,1
154,28.7,51,68,1
150,30.4,93,45,1
136,39.4,43,25,0
127,38.8,79,34,1
101,24.5,84,64,1
161,25.8,64,63,1
102,22.9,77,62,1
186,32.1,77,67,1
166,32,84,53,1
113,33.2,78,45,1
89,34.3,69,30,1
99,27.4,83,56,0
128,25,82,25,1
113,37.2,61,44,1
110,35.5,55,67,1
91,21.9,74,62,0
119,30.4,69,56,1
96,25.6,60,27,0
70,18.6,73,50,1
109,31.9,56,70,1
148,30.5,74,51,1
103,30.4,65,34,1
138,32.3,83,24,1
71,36.3,101,25,0
118,32.2,61,64,1
136,27.3,85,39,0
129,26.6,82,67,1
123,30.2,71,48,1
101,32.9,67,46,1
95,24.8,91,67,1
89,29.9,48,26,0
124,36.8,64,61,1
92,30.4,55,39,1
105,26.8,89,48,1
112,29.3,70,36,1
175,37.7,66,25,1
100,34.3,110,59,1
127,38.4,71,30,1
122,31.8,67,53,0
91,33.5,76,42,1
118,27.6,53,31,1
163,34.6,78,70,1
134,28,71,43,1
121,22.5,78,23,1
107,31.8,60,67,1
58,42.7,60,64,1
154,35.8,64,50,1
76,38,63,36,1
142,33.2,88,61,1
177,27.3,91,68,1
77,29.8,70,63,1
141,29.4,68,27,1
112,28.2,68,68,1
73,35.2,73,48,1
75,23.8,73,21,1
72,36.2,75,28,1
104,36.2,63,21,0
76,23.8,62,61,1
141,34.8,86,59,1
183,45.6,65,67,1
81,27.7,76,39,1
144,36.1,71,69,1
143,26.3,61,61,1
130,37.7,79,60,1
90,32.5,74,52,1
116,40.9,89,68,1
112,22.2,73,45,0
137,30.7,68,65,1
109,27.8,75,41,1
149,29.8,58,43,1
109,27.2,62,67,1
152,26,78,54,1
89,34.5,68,22,1
82,24.5,71,29,0
217,39.9,71,45,1
107,23.9,64,42,1
129,31.6,48,70,1
139,34.2,76,65,1
105,34.5,81,38,1
136,29.2,57,56,1
131,31.5,90,66,1
114,36.8,77,54,1
122,22.3,88,52,1
119,26.3,61,28,1
184,32.9,74,50,1
98,28.3,71,34,1
87,39.2,81,43,1
121,35,65,32,0
129,31.4,72,33,1
133,22,51,53,1
106,31.2,63,44,1
88,29.1,74,29,0
158,30.4,64,34,1
110,23.9,71,56,1
94,34,66,51,1
113,24.8,79,27,1
114,29.6,86,24,0
153,33.3,62,68,0
123,26.3,68,39,1
143,34.5,89,54,1
105,23.1,46,62,1
126,14.1,68,33,1
110,33.8,97,23,1
123,36,98,50,1
93,29.3,74,62,1
81,34,62,39,0
180,24.1,74,37,1
138,30.2,64,53,1
82,19.4,89,68,1
102,38.1,62,50,1
84,42.2,76,46,1
186,37.4,79,29,1
159,30.8,63,62,1
112,30.8,82,32,1
136,21.9,63,54,1
108,35.7,80,51,1
106,29.7,85,23,1
96,27.1,60,68,1
102,22.5,85,50,1
170,29.2,66,63,1
118,25.9,76,46,0
124,28.6,74,34,0
127,23.7,67,50,1
157,41.1,75,60,1
105,30.9,57,55,1
90,37.4,70,45,1
170,15.4,82,44,1
107,28.3,46,51,0
98,26.9,54,43,1
83,23.7,58,51,0
81,40.3,53,21,1
103,22.5,77,70,1
139,32.9,60,41,1
153,36.1,46,27,1
141,32.1,64,64,1
109,25.7,67,47,1
122,36.6,82,64,1
99,32,59,23,0
98,24.6,86,64,0
147,22.7,77,56,1
90,43.5,76,59,0
179,26.9,62,63,1
117,19.9,95,46,1
126,34.2,70,66,1
98,32.9,50,31,1
103,22.9,70,22,0
80,19.3,49,36,0
115,30.3,68,53,1
133,37.8,67,36,1
130,34.8,80,67,1
97,28,84,59,0
96,26,63,38,1
105,32.6,82,45,1
165,31.9,89,41,1
86,34.8,63,59,1
115,28.6,64,45,1
177,36.4,80,22,1
117,26,74,52,1
79,29,79,33,0
100,35.4,89,58,1
135,36.9,77,35,1
109,19.4,85,65,1
103,31.6,79,63,1
110,34.7,77,44,0
123,22.3,77,24,1
168,33.9,87,49,1
117,26,60,49,0
152,37.1,59,70,1
139,34.2,79,37,1
117,35.6,71,54,1
74,31.7,73,67,0
104,36.2,81,49,0
105,39.3,81,55,1
121,42.8,69,25,1
159,30.8,68,63,1
189,17.5,73,46,1
166,31.2,85,32,1
116,32.2,77,41,1
67,30.1,89,64,0
108,34.4,72,45,1
123,37.1,86,54,1
145,27.9,83,35,1
149,29.2,79,61,1
141,33.4,77,33,1
78,27.7,69,39,1
145,31.5,71,33,1
107,19.2,75,67,0
125,24.3,73,41,1
122,23,83,28,1
133,25.9,71,66,1
121,26.8,71,38,1
70,33.3,66,63,0
142,36.9,70,28,1
132,26.6,71,39,1
112,25,44,33,1
124,24.7,56,23,1
124,28.5,71,59,1
127,29.6,69,31,0
169,33.9,58,40,1
113,29.1,48,37,1
125,18.5,68,51,1
155,30.5,80,48,1
152,38.1,93,70,1
154,38.1,72,33,1
103,26.3,90,57,1
180,21.7,73,69,1
122,45.7,73,48,1
176,30,76,40,1
79,30.4,62,61,1
121,33.5,71,27,1
157,21.3,83,47,1
99,26.6,63,43,1
97,21.8,68,34,0
92,26.8,58,29,1
88,31.7,76,64,1
107,22.8,77,49,1
130,34.5,80,48,1
60,32.7,57,50,0
126,25.6,73,57,1
157,32.4,61,52,1
181,35.5,72,51,1
159,37.4,88,24,1
143,29.7,66,49,1
68,30.4,81,50,0
102,30.5,63,52,1
109,39.6,66,51,1
141,37.8,77,25,0
117,36,64,25,1
82,29.3,52,55,0
171,33.2,87,62,1
147,33.4,76,28,1
127,24.7,65,59,1
157,20.6,48,45,1
80,34.9,95,69,0
140,21.8,113,45,0
104,31,74,49,1
141,32.5,82,40,1
118,34.4,87,46,1
139,32.1,64,25,1
160,26.6,68,47,1
120,36.9,51,68,0
151,41.4,63,47,1
84,36.3,79,42,1
98,19.3,69,23,0
166,39.4,69,23,1
131,30.7,71,23,1
58,34.1,50,29,1
79,34.7,82,44,1
114,30.4,55,60,1
146,30.5,69,35,1
117,37.1,67,58,1
139,35.3,69,47,1
149,36.9,90,35,1
170,45.3,65,22,1
122,35,63,54,1
118,32.2,54,24,1
67,17.7,62,62,1
123,47.2,58,28,1
103,28.1,77,53,0
91,45.2,62,62,1
115,33.2,76,34,1
150,40.2,70,28,1
60,30.3,55,58,0
107,34.1,63,31,1
123,32.3,83,34,1
93,29.9,83,47,1
130,30.3,96,44,1
132,37.1,72,39,1
119,29.8,54,59,1
46,18.8,63,48,0
197,29.8,77,29,1
114,34.2,95,69,1
140,34.7,73,33,1
128,34.7,86,27,1
151,20.8,81,31,1
145,33.2,58,40,1
114,36.8,70,39,1
131,38.7,88,36,1
92,29.7,83,23,1
146,29.1,78,67,1
106,39.9,78,49,1
193,21,66,32,1
70,28.4,56,64,1
106,33.7,88,44,1
145,21.3,55,48,1
135,32.7,61,59,1
102,42.3,80,53,1
90,31,57,28,0
124,29.3,65,37,1
120,33.8,58,68,1
66,29.3,79,30,0
121,35.9,77,58,1
126,36.4,77,43,1
125,31,77,28,1
88,23.9,79,31,1
134,23.1,80,54,1
161,27.4,48,28,1
134,35.8,70,41,1
86,19.3,73,43,1
107,19.7,81,52,1
130,27.1,58,33,1
101,33.4,66,44,1
55,25.5,59,29,0
147,36.3,85,63,1
95,33,87,29,0
103,30,81,25,0
165,35.9,57,65,1
97,33.3,77,36,1
145,28.3,86,58,1
82,32.4,74,41,0
109,34.9,65,43,1
