"SK_Venta","SK_Tiempo","SK_Cliente","SK_Producto","Cantidad","Monto_Bruto","Descuento_Monetario","Monto_Neto"
50001,1001,2025,3012,10,2661.4,292.75,2368.65
50002,1002,2001,3009,8,3547.76,425.73,3122.03
50003,1003,2014,3014,1,342.94,24.01,318.93
50004,1003,2021,3008,4,110.4,22.08,88.32
50005,1003,2008,3011,10,3524.7,246.73,3277.97
50006,1004,2020,3006,2,415.3,74.75,340.55
50007,1004,2014,3002,4,2410.6,506.23,1904.37
50008,1005,2009,3004,6,2705.34,135.27,2570.07
50009,1006,2025,3003,3,1241.34,99.31,1142.03
50010,1006,2020,3012,10,2661.4,558.89,2102.51
50011,1006,2022,3003,6,2482.68,347.58,2135.1
50012,1007,2006,3008,4,110.4,17.66,92.74
50013,1007,2003,3007,4,837.44,133.99,703.45
50014,1008,2021,3013,5,719,122.23,596.77
50015,1009,2002,3013,6,862.8,34.51,828.29
50016,1010,2015,3008,6,165.6,23.18,142.42
50017,1011,2004,3014,10,3429.4,411.53,3017.87
50018,1011,2016,3005,2,91.3,3.65,87.65
50019,1012,2004,3002,5,3013.25,90.4,2922.85
50020,1013,2023,3005,4,182.6,34.69,147.91
50021,1013,2006,3005,6,273.9,5.48,268.42
50022,1014,2002,3003,9,3724.02,148.96,3575.06
50023,1015,2013,3009,9,3991.23,199.56,3791.67
50024,1016,2019,3002,4,2410.6,385.7,2024.9
50025,1016,2012,3013,8,1150.4,253.09,897.31
50026,1016,2003,3003,8,3310.24,165.51,3144.73
50027,1017,2025,3015,3,1059.27,31.78,1027.49
50028,1017,2007,3001,3,646.14,51.69,594.45
50029,1018,2021,3007,6,1256.16,263.79,992.37
50030,1018,2020,3002,9,5423.85,976.29,4447.56
50031,1019,2017,3012,4,1064.56,106.46,958.1
50032,1020,2004,3008,6,165.6,34.78,130.82
50033,1020,2001,3003,6,2482.68,571.02,1911.66
50034,1020,2010,3006,7,1453.55,14.54,1439.01
50035,1020,2003,3004,10,4508.9,541.07,3967.83
50036,1021,2018,3003,9,3724.02,633.08,3090.94
50037,1022,2008,3008,6,165.6,36.43,129.17
50038,1023,2010,3015,8,2824.72,225.98,2598.74
50039,1024,2016,3006,8,1661.2,33.22,1627.98
50040,1024,2006,3003,8,3310.24,132.41,3177.83
50041,1025,2008,3015,8,2824.72,282.47,2542.25
50042,1026,2006,3006,2,415.3,37.38,377.92
50043,1026,2021,3003,6,2482.68,571.02,1911.66
50044,1026,2001,3002,5,3013.25,693.05,2320.2
50045,1027,2001,3001,4,861.52,146.46,715.06
50046,1027,2025,3007,5,1046.8,209.36,837.44
50047,1027,2006,3004,3,1352.67,135.27,1217.4
50048,1027,2011,3014,7,2400.58,144.03,2256.55
50049,1028,2025,3006,6,1245.9,224.26,1021.64
50050,1028,2021,3003,7,2896.46,347.58,2548.88
50051,1029,2004,3011,9,3172.23,31.72,3140.51
50052,1030,2002,3002,2,1205.3,277.22,928.08
50053,1030,2006,3013,5,719,14.38,704.62
50054,1031,2010,3011,5,1762.35,0,1762.35
50055,1031,2009,3007,2,418.72,71.18,347.54
50056,1032,2023,3009,9,3991.23,478.95,3512.28
50057,1032,2012,3004,6,2705.34,486.96,2218.38
50058,1032,2019,3008,8,220.8,41.95,178.85
50059,1032,2008,3014,3,1028.82,205.76,823.06
50060,1033,2024,3015,4,1412.36,296.6,1115.76
50061,1033,2019,3014,4,1371.76,123.46,1248.3
50062,1034,2007,3011,9,3172.23,412.39,2759.84
50063,1034,2025,3014,8,2743.52,356.66,2386.86
50064,1034,2019,3006,10,2076.5,394.54,1681.96
50065,1035,2004,3006,9,1868.85,224.26,1644.59
50066,1035,2025,3007,8,1674.88,150.74,1524.14
50067,1035,2018,3014,10,3429.4,205.76,3223.64
50068,1036,2023,3009,2,886.94,133.04,753.9
50069,1037,2001,3001,6,1292.28,297.22,995.06
50070,1037,2006,3015,1,353.09,52.96,300.13
50071,1037,2020,3002,3,1807.95,36.16,1771.79
50072,1038,2007,3008,10,276,49.68,226.32
50073,1039,2004,3007,7,1465.52,43.97,1421.55
50074,1040,2017,3008,8,220.8,28.7,192.1
50075,1040,2023,3012,1,266.14,39.92,226.22
50076,1041,2015,3006,7,1453.55,101.75,1351.8
50077,1042,2002,3006,5,1038.25,31.15,1007.1
50078,1042,2011,3006,2,415.3,29.07,386.23
50079,1043,2015,3009,6,2660.82,611.99,2048.83
50080,1043,2020,3015,10,3530.9,70.62,3460.28
50081,1043,2004,3005,3,136.95,21.91,115.04
50082,1044,2019,3012,9,2395.26,167.67,2227.59
50083,1045,2004,3015,9,3177.81,286,2891.81
50084,1046,2023,3013,9,1294.2,284.72,1009.48
50085,1046,2015,3012,1,266.14,2.66,263.48
50086,1046,2006,3010,8,2060.4,123.62,1936.78
50087,1046,2021,3003,9,3724.02,148.96,3575.06
50088,1047,2011,3006,6,1245.9,161.97,1083.93
50089,1047,2002,3002,5,3013.25,331.46,2681.79
50090,1047,2010,3010,9,2317.95,92.72,2225.23
50091,1048,2016,3011,2,704.94,63.44,641.5
50092,1048,2015,3003,2,827.56,182.06,645.5
50093,1049,2023,3008,4,110.4,20.98,89.42
50094,1049,2011,3002,2,1205.3,180.79,1024.51
50095,1049,2007,3005,7,319.55,67.11,252.44
50096,1050,2020,3005,4,182.6,1.83,180.77
50097,1050,2016,3009,3,1330.41,332.6,997.81
50098,1050,2024,3006,1,207.65,10.38,197.27
50099,1050,2001,3005,1,45.65,4.57,41.08
50100,1051,2001,3011,4,1409.88,84.59,1325.29
50101,1051,2024,3002,4,2410.6,120.53,2290.07
50102,1052,2019,3009,3,1330.41,212.87,1117.54
50103,1052,2025,3005,3,136.95,28.76,108.19
50104,1053,2025,3011,2,704.94,77.54,627.4
50105,1053,2006,3005,2,91.3,16.43,74.87
50106,1054,2003,3010,2,515.1,36.06,479.04
50107,1054,2025,3002,9,5423.85,705.1,4718.75
50108,1055,2019,3007,6,1256.16,37.68,1218.48
50109,1056,2018,3013,5,719,50.33,668.67
50110,1056,2010,3008,10,276,63.48,212.52
50111,1057,2012,3009,4,1773.88,106.43,1667.45
50112,1058,2016,3009,5,2217.35,221.74,1995.61
50113,1059,2006,3001,2,430.76,103.38,327.38
50114,1059,2007,3004,2,901.78,54.11,847.67
50115,1060,2021,3010,10,2575.5,309.06,2266.44
50116,1061,2013,3009,7,3104.29,682.94,2421.35
50117,1061,2024,3003,7,2896.46,86.89,2809.57
50118,1061,2003,3004,5,2254.45,293.08,1961.37
50119,1061,2023,3015,7,2471.63,173.01,2298.62
50120,1062,2017,3014,9,3086.46,92.59,2993.87
50121,1062,2015,3006,4,830.6,8.31,822.29
50122,1063,2014,3010,4,1030.2,133.93,896.27
50123,1063,2004,3014,7,2400.58,72.02,2328.56
50124,1063,2009,3010,8,2060.4,329.66,1730.74
50125,1064,2010,3009,1,443.47,22.17,421.3
50126,1064,2020,3002,4,2410.6,241.06,2169.54
50127,1064,2021,3012,3,798.42,63.87,734.55
50128,1065,2014,3004,2,901.78,45.09,856.69
50129,1065,2024,3003,2,827.56,49.65,777.91
50130,1065,2017,3001,3,646.14,103.38,542.76
50131,1066,2011,3009,4,1773.88,354.78,1419.1
50132,1066,2023,3006,3,622.95,112.13,510.82
50133,1067,2008,3003,8,3310.24,562.74,2747.5
50134,1067,2018,3015,7,2471.63,617.91,1853.72
50135,1068,2002,3003,3,1241.34,49.65,1191.69
50136,1068,2003,3002,3,1807.95,162.72,1645.23
50137,1069,2009,3015,3,1059.27,137.71,921.56
50138,1070,2006,3009,4,1773.88,319.3,1454.58
50139,1070,2015,3015,7,2471.63,247.16,2224.47
50140,1070,2005,3015,10,3530.9,247.16,3283.74
50141,1071,2001,3008,9,248.4,14.9,233.5
50142,1072,2022,3012,7,1862.98,260.82,1602.16
50143,1073,2004,3014,1,342.94,48.01,294.93
50144,1074,2003,3003,6,2482.68,223.44,2259.24
50145,1074,2001,3008,4,110.4,8.83,101.57
50146,1074,2013,3007,8,1674.88,318.23,1356.65
50147,1075,2025,3001,8,1723.04,258.46,1464.58
50148,1076,2018,3007,8,1674.88,167.49,1507.39
50149,1076,2019,3008,1,27.6,4.14,23.46
50150,1077,2006,3012,1,266.14,29.28,236.86
50151,1078,2001,3002,6,3615.9,470.07,3145.83
50152,1078,2023,3002,7,4218.55,1054.64,3163.91
50153,1079,2015,3007,10,2093.6,355.91,1737.69
50154,1079,2016,3001,9,1938.42,407.07,1531.35
50155,1079,2012,3008,5,138,16.56,121.44
50156,1079,2008,3011,5,1762.35,352.47,1409.88
50157,1080,2015,3008,8,220.8,33.12,187.68
50158,1080,2025,3011,2,704.94,105.74,599.2
50159,1081,2004,3004,4,1803.56,108.21,1695.35
50160,1081,2013,3003,7,2896.46,608.26,2288.2
50161,1081,2003,3001,10,2153.8,21.54,2132.26
50162,1082,2017,3013,8,1150.4,161.06,989.34
50163,1083,2015,3002,10,6026.5,1024.51,5001.99
50164,1083,2017,3010,4,1030.2,175.13,855.07
50165,1084,2019,3014,4,1371.76,54.87,1316.89
50166,1084,2011,3008,5,138,5.52,132.48
50167,1084,2021,3006,1,207.65,4.15,203.5
50168,1084,2010,3007,3,628.08,69.09,558.99
50169,1085,2010,3013,9,1294.2,129.42,1164.78
50170,1085,2011,3001,2,430.76,77.54,353.22
50171,1086,2024,3015,9,3177.81,349.56,2828.25
50172,1086,2011,3002,5,3013.25,421.86,2591.39
50173,1087,2004,3010,4,1030.2,133.93,896.27
50174,1087,2001,3015,10,3530.9,317.78,3213.12
50175,1087,2005,3007,6,1256.16,25.12,1231.04
50176,1087,2013,3006,8,1661.2,365.46,1295.74
50177,1088,2021,3015,2,706.18,155.36,550.82
50178,1088,2004,3002,9,5423.85,271.19,5152.66
50179,1089,2015,3008,7,193.2,3.86,189.34
50180,1089,2025,3013,7,1006.6,201.32,805.28
50181,1089,2010,3003,6,2482.68,173.79,2308.89
50182,1090,2002,3002,1,602.65,24.11,578.54
50183,1090,2004,3014,4,1371.76,41.15,1330.61
50184,1091,2024,3015,7,2471.63,568.47,1903.16
50185,1091,2013,3006,5,1038.25,20.76,1017.49
50186,1091,2016,3013,7,1006.6,221.45,785.15
50187,1092,2010,3014,8,2743.52,438.96,2304.56
50188,1092,2023,3003,5,2068.9,41.38,2027.52
50189,1092,2009,3014,9,3086.46,154.32,2932.14
50190,1093,2018,3007,4,837.44,25.12,812.32
50191,1093,2001,3012,3,798.42,143.72,654.7
50192,1093,2015,3001,3,646.14,71.08,575.06
50193,1093,2009,3012,10,2661.4,133.07,2528.33
50194,1094,2011,3010,2,515.1,25.76,489.34
50195,1095,2019,3015,10,3530.9,529.63,3001.27
50196,1096,2004,3004,9,4058.01,202.9,3855.11
50197,1096,2025,3007,5,1046.8,157.02,889.78
50198,1096,2024,3008,3,82.8,20.7,62.1
50199,1096,2006,3015,3,1059.27,10.59,1048.68
50200,1096,2021,3010,5,1287.75,128.78,1158.97
50201,1097,2002,3007,4,837.44,209.36,628.08
50202,1097,2017,3013,5,719,150.99,568.01
50203,1097,2013,3012,9,2395.26,383.24,2012.02
50204,1098,2011,3007,7,1465.52,337.07,1128.45
50205,1098,2022,3004,2,901.78,99.2,802.58
50206,1099,2001,3008,4,110.4,3.31,107.09
50207,1100,2009,3005,1,45.65,2.74,42.91
50208,1100,2009,3009,9,3991.23,917.98,3073.25
50209,1101,2021,3003,5,2068.9,496.54,1572.36
50210,1101,2004,3014,9,3086.46,216.05,2870.41
50211,1102,2008,3015,1,353.09,24.72,328.37
50212,1102,2015,3006,3,622.95,49.84,573.11
50213,1102,2013,3007,1,209.36,8.37,200.99
50214,1103,2010,3011,1,352.47,59.92,292.55
50215,1104,2009,3013,7,1006.6,20.13,986.47
50216,1105,2014,3015,9,3177.81,31.78,3146.03
50217,1106,2004,3010,7,1802.85,432.68,1370.17
50218,1106,2006,3012,2,532.28,127.75,404.53
50219,1106,2007,3003,7,2896.46,550.33,2346.13
50220,1106,2002,3014,9,3086.46,30.86,3055.6
50221,1106,2019,3007,3,628.08,12.56,615.52
50222,1107,2011,3004,1,450.89,54.11,396.78
50223,1108,2024,3011,7,2467.29,493.46,1973.83
50224,1109,2014,3010,6,1545.3,278.15,1267.15
50225,1109,2013,3002,9,5423.85,596.62,4827.23
50226,1109,2018,3008,6,165.6,1.66,163.94
50227,1110,2006,3013,9,1294.2,12.94,1281.26
50228,1111,2010,3009,1,443.47,84.26,359.21
50229,1111,2009,3012,1,266.14,61.21,204.93
50230,1111,2013,3009,6,2660.82,425.73,2235.09
50231,1111,2014,3006,1,207.65,45.68,161.97
50232,1112,2025,3014,2,685.88,150.89,534.99
50233,1113,2004,3015,2,706.18,127.11,579.07
50234,1113,2021,3014,7,2400.58,336.08,2064.5
50235,1113,2025,3011,8,2819.76,676.74,2143.02
50236,1114,2004,3004,2,901.78,18.04,883.74
50237,1114,2012,3009,9,3991.23,718.42,3272.81
50238,1115,2005,3009,8,3547.76,0,3547.76
50239,1116,2004,3003,2,827.56,182.06,645.5
50240,1116,2008,3014,9,3086.46,123.46,2963
50241,1117,2005,3011,3,1057.41,21.15,1036.26
50242,1118,2002,3013,9,1294.2,51.77,1242.43
50243,1118,2005,3002,1,602.65,132.58,470.07
50244,1118,2022,3007,7,1465.52,131.9,1333.62
50245,1118,2009,3014,10,3429.4,308.65,3120.75
50246,1119,2011,3010,4,1030.2,206.04,824.16
50247,1120,2001,3012,7,1862.98,242.19,1620.79
50248,1121,2013,3004,1,450.89,72.14,378.75
50249,1121,2014,3011,4,1409.88,197.38,1212.5
50250,1121,2018,3014,4,1371.76,246.92,1124.84
50251,1121,2002,3014,5,1714.7,360.09,1354.61
50252,1121,2020,3001,5,1076.9,86.15,990.75
50253,1122,2009,3008,9,248.4,17.39,231.01
50254,1122,2025,3001,5,1076.9,43.08,1033.82
50255,1122,2007,3003,6,2482.68,546.19,1936.49
50256,1122,2016,3011,10,3524.7,563.95,2960.75
50257,1123,2001,3007,8,1674.88,50.25,1624.63
50258,1123,2005,3001,2,430.76,86.15,344.61
50259,1123,2023,3002,10,6026.5,241.06,5785.44
50260,1124,2024,3009,10,4434.7,88.69,4346.01
50261,1124,2023,3001,4,861.52,8.62,852.9
50262,1125,2025,3001,5,1076.9,129.23,947.67
50263,1125,2005,3003,8,3310.24,33.1,3277.14
50264,1126,2006,3002,6,3615.9,180.79,3435.11
50265,1126,2003,3003,5,2068.9,517.22,1551.68
50266,1127,2009,3012,3,798.42,71.86,726.56
50267,1127,2020,3013,5,719,93.47,625.53
50268,1127,2009,3005,9,410.85,94.5,316.35
50269,1127,2005,3010,5,1287.75,296.18,991.57
50270,1128,2011,3001,9,1938.42,135.69,1802.73
50271,1128,2012,3004,7,3156.23,536.56,2619.67
50272,1129,2009,3008,3,82.8,9.11,73.69
50273,1129,2001,3001,7,1507.66,286.46,1221.2
50274,1130,2018,3012,3,798.42,7.98,790.44
50275,1130,2009,3013,6,862.8,34.51,828.29
50276,1131,2020,3008,9,248.4,17.39,231.01
50277,1131,2011,3013,5,719,14.38,704.62
50278,1131,2009,3009,10,4434.7,487.82,3946.88
50279,1131,2010,3004,7,3156.23,315.62,2840.61
50280,1131,2017,3011,9,3172.23,63.44,3108.79
50281,1132,2004,3007,6,1256.16,263.79,992.37
50282,1133,2018,3005,1,45.65,6.85,38.8
50283,1134,2013,3009,3,1330.41,0,1330.41
50284,1134,2007,3005,10,456.5,95.86,360.64
50285,1134,2011,3013,10,1438,143.8,1294.2
50286,1135,2002,3014,2,685.88,20.58,665.3
50287,1136,2009,3014,4,1371.76,329.22,1042.54
50288,1137,2019,3006,1,207.65,4.15,203.5
50289,1137,2015,3013,9,1294.2,258.84,1035.36
50290,1138,2011,3013,7,1006.6,110.73,895.87
50291,1138,2024,3011,1,352.47,63.44,289.03
50292,1139,2004,3001,8,1723.04,413.53,1309.51
50293,1139,2024,3008,1,27.6,6.9,20.7
50294,1140,2011,3005,3,136.95,6.85,130.1
50295,1140,2024,3005,6,273.9,24.65,249.25
50296,1141,2004,3014,5,1714.7,394.38,1320.32
50297,1141,2018,3009,6,2660.82,159.65,2501.17
50298,1142,2010,3008,10,276,41.4,234.6
50299,1142,2023,3010,7,1802.85,0,1802.85
50300,1143,2019,3002,6,3615.9,650.86,2965.04
50301,1143,2018,3012,6,1596.84,335.34,1261.5
50302,1144,2009,3011,3,1057.41,222.06,835.35
50303,1144,2010,3015,8,2824.72,621.44,2203.28
50304,1145,2023,3004,3,1352.67,311.11,1041.56
50305,1145,2018,3006,6,1245.9,186.89,1059.01
50306,1146,2025,3012,3,798.42,167.67,630.75
50307,1146,2019,3014,5,1714.7,274.35,1440.35
50308,1146,2020,3006,10,2076.5,0,2076.5
50309,1147,2012,3007,7,1465.52,322.41,1143.11
50310,1147,2008,3002,7,4218.55,84.37,4134.18
50311,1148,2019,3011,10,3524.7,634.45,2890.25
50312,1148,2002,3009,7,3104.29,403.56,2700.73
50313,1148,2014,3008,6,165.6,4.97,160.63
50314,1148,2024,3006,5,1038.25,62.29,975.96
50315,1149,2018,3015,3,1059.27,21.19,1038.08
50316,1149,2024,3006,10,2076.5,166.12,1910.38
50317,1150,2018,3001,7,1507.66,301.53,1206.13
50318,1150,2015,3001,3,646.14,45.23,600.91
50319,1151,2022,3008,9,248.4,49.68,198.72
50320,1151,2023,3002,6,3615.9,723.18,2892.72
50321,1151,2011,3009,9,3991.23,39.91,3951.32
50322,1151,2006,3015,9,3177.81,540.23,2637.58
50323,1152,2018,3002,9,5423.85,650.86,4772.99
50324,1152,2007,3004,5,2254.45,360.71,1893.74
50325,1152,2024,3009,10,4434.7,886.94,3547.76
50326,1152,2008,3009,8,3547.76,603.12,2944.64
50327,1152,2018,3006,10,2076.5,353.01,1723.49
50328,1153,2015,3013,8,1150.4,149.55,1000.85
50329,1153,2019,3012,1,266.14,45.24,220.9
50330,1154,2002,3009,9,3991.23,638.6,3352.63
50331,1155,2009,3001,8,1723.04,189.53,1533.51
50332,1155,2008,3002,5,3013.25,301.32,2711.93
50333,1155,2006,3013,2,287.6,23.01,264.59
50334,1155,2005,3005,6,273.9,49.3,224.6
50335,1156,2007,3003,9,3724.02,484.12,3239.9
50336,1157,2003,3014,3,1028.82,133.75,895.07
50337,1158,2023,3006,6,1245.9,299.02,946.88
50338,1158,2011,3007,1,209.36,4.19,205.17
50339,1159,2016,3003,10,4137.8,165.51,3972.29
50340,1159,2021,3005,3,136.95,15.06,121.89
50341,1160,2022,3004,3,1352.67,27.05,1325.62
50342,1160,2018,3012,5,1330.7,186.3,1144.4
50343,1160,2013,3009,1,443.47,70.96,372.51
50344,1161,2021,3009,2,886.94,195.13,691.81
50345,1162,2002,3015,10,3530.9,812.11,2718.79
50346,1163,2014,3011,9,3172.23,190.33,2981.9
50347,1163,2011,3005,2,91.3,15.52,75.78
50348,1163,2023,3014,10,3429.4,0,3429.4
50349,1164,2002,3001,3,646.14,90.46,555.68
50350,1165,2007,3014,9,3086.46,92.59,2993.87
50351,1165,2013,3009,7,3104.29,620.86,2483.43
50352,1166,2014,3015,3,1059.27,0,1059.27
50353,1166,2011,3003,3,1241.34,223.44,1017.9
50354,1167,2001,3007,10,2093.6,230.3,1863.3
50355,1167,2010,3012,6,1596.84,207.59,1389.25
50356,1167,2010,3005,2,91.3,21,70.3
50357,1168,2017,3010,2,515.1,20.6,494.5
50358,1168,2015,3009,6,2660.82,186.26,2474.56
50359,1169,2014,3005,4,182.6,10.96,171.64
50360,1169,2005,3006,5,1038.25,93.44,944.81
50361,1169,2003,3005,9,410.85,24.65,386.2
50362,1170,2003,3011,10,3524.7,810.68,2714.02
50363,1170,2007,3003,8,3310.24,595.84,2714.4
50364,1170,2004,3009,2,886.94,62.09,824.85
50365,1171,2004,3014,7,2400.58,0,2400.58
50366,1172,2004,3004,6,2705.34,351.69,2353.65
50367,1172,2016,3002,1,602.65,102.45,500.2
50368,1172,2017,3014,9,3086.46,154.32,2932.14
50369,1173,2003,3015,8,2824.72,593.19,2231.53
50370,1173,2009,3005,6,273.9,54.78,219.12
50371,1173,2025,3007,3,628.08,25.12,602.96
50372,1173,2007,3003,3,1241.34,24.83,1216.51
50373,1174,2020,3003,6,2482.68,248.27,2234.41
50374,1175,2015,3004,1,450.89,72.14,378.75
50375,1175,2019,3012,5,1330.7,106.46,1224.24
50376,1175,2023,3015,3,1059.27,10.59,1048.68
50377,1176,2006,3003,2,827.56,190.34,637.22
50378,1176,2002,3004,6,2705.34,189.37,2515.97
50379,1177,2018,3002,1,602.65,114.5,488.15
50380,1177,2005,3010,4,1030.2,72.11,958.09
50381,1177,2016,3014,9,3086.46,617.29,2469.17
50382,1178,2003,3013,2,287.6,8.63,278.97
50383,1178,2012,3012,6,1596.84,0,1596.84
50384,1179,2001,3015,2,706.18,0,706.18
50385,1180,2023,3003,7,2896.46,115.86,2780.6
50386,1181,2017,3009,3,1330.41,252.78,1077.63
50387,1181,2010,3007,7,1465.52,190.52,1275
50388,1181,2020,3010,5,1287.75,218.92,1068.83
50389,1182,2003,3004,9,4058.01,202.9,3855.11
50390,1182,2011,3013,4,575.2,103.54,471.66
50391,1182,2012,3012,9,2395.26,119.76,2275.5
50392,1183,2011,3014,1,342.94,58.3,284.64
50393,1184,2018,3002,10,6026.5,903.98,5122.52
50394,1185,2010,3004,6,2705.34,649.28,2056.06
50395,1185,2012,3009,8,3547.76,851.46,2696.3
50396,1186,2003,3010,7,1802.85,378.6,1424.25
50397,1186,2017,3013,9,1294.2,77.65,1216.55
50398,1187,2014,3005,1,45.65,9.13,36.52
50399,1187,2003,3002,2,1205.3,277.22,928.08
50400,1188,2003,3003,5,2068.9,413.78,1655.12
50401,1189,2022,3004,2,901.78,126.25,775.53
50402,1189,2024,3002,9,5423.85,922.05,4501.8
50403,1190,2017,3005,2,91.3,2.74,88.56
50404,1191,2011,3003,5,2068.9,165.51,1903.39
50405,1191,2011,3014,1,342.94,34.29,308.65
50406,1192,2017,3013,5,719,136.61,582.39
50407,1192,2015,3010,8,2060.4,473.89,1586.51
50408,1193,2008,3005,2,91.3,1.83,89.47
50409,1194,2014,3003,8,3310.24,66.2,3244.04
50410,1195,2005,3006,10,2076.5,249.18,1827.32
50411,1195,2021,3013,9,1294.2,207.07,1087.13
50412,1195,2018,3008,9,248.4,37.26,211.14
50413,1195,2014,3007,7,1465.52,307.76,1157.76
50414,1196,2023,3015,4,1412.36,84.74,1327.62
50415,1196,2022,3008,8,220.8,22.08,198.72
50416,1197,2005,3002,9,5423.85,976.29,4447.56
50417,1197,2008,3001,2,430.76,34.46,396.3
50418,1197,2010,3009,6,2660.82,532.16,2128.66
50419,1197,2010,3003,5,2068.9,248.27,1820.63
50420,1198,2017,3002,4,2410.6,530.33,1880.27
50421,1198,2001,3012,9,2395.26,143.72,2251.54
50422,1198,2011,3015,2,706.18,141.24,564.94
50423,1199,2023,3012,9,2395.26,263.48,2131.78
50424,1199,2003,3012,9,2395.26,359.29,2035.97
50425,1200,2011,3008,5,138,33.12,104.88
50426,1200,2018,3011,6,2114.82,190.33,1924.49
50427,1201,2005,3011,5,1762.35,317.22,1445.13
50428,1202,2025,3012,4,1064.56,244.85,819.71
50429,1203,2024,3015,1,353.09,45.9,307.19
50430,1203,2009,3006,9,1868.85,74.75,1794.1
50431,1203,2014,3015,1,353.09,14.12,338.97
50432,1203,2015,3001,10,2153.8,279.99,1873.81
50433,1204,2013,3009,7,3104.29,155.21,2949.08
50434,1204,2012,3002,10,6026.5,903.98,5122.52
50435,1205,2011,3013,7,1006.6,241.58,765.02
50436,1205,2016,3003,6,2482.68,521.36,1961.32
50437,1206,2010,3007,1,209.36,10.47,198.89
50438,1206,2002,3012,2,532.28,95.81,436.47
50439,1207,2016,3012,9,2395.26,215.57,2179.69
50440,1207,2010,3003,2,827.56,99.31,728.25
50441,1207,2019,3008,6,165.6,26.5,139.1
50442,1207,2019,3011,9,3172.23,190.33,2981.9
50443,1208,2006,3006,4,830.6,116.28,714.32
50444,1208,2005,3010,5,1287.75,193.16,1094.59
50445,1208,2007,3005,8,365.2,40.17,325.03
50446,1209,2005,3015,8,2824.72,564.94,2259.78
50447,1209,2024,3008,8,220.8,30.91,189.89
50448,1210,2016,3011,5,1762.35,405.34,1357.01
50449,1210,2016,3012,6,1596.84,223.56,1373.28
50450,1210,2024,3001,4,861.52,68.92,792.6
50451,1210,2023,3005,6,273.9,52.04,221.86
50452,1210,2017,3002,10,6026.5,1265.57,4760.93
50453,1210,2013,3008,8,220.8,15.46,205.34
50454,1211,2012,3005,2,91.3,15.52,75.78
50455,1211,2020,3010,8,2060.4,267.85,1792.55
50456,1211,2002,3014,9,3086.46,216.05,2870.41
50457,1212,2019,3005,10,456.5,95.86,360.64
50458,1213,2016,3009,2,886.94,106.43,780.51
50459,1214,2005,3014,2,685.88,41.15,644.73
50460,1215,2014,3003,4,1655.12,347.58,1307.54
50461,1215,2001,3006,1,207.65,12.46,195.19
50462,1216,2001,3013,10,1438,287.6,1150.4
50463,1216,2022,3001,4,861.52,34.46,827.06
50464,1216,2016,3007,8,1674.88,351.72,1323.16
50465,1216,2006,3011,10,3524.7,140.99,3383.71
50466,1217,2003,3010,5,1287.75,115.9,1171.85
50467,1218,2009,3003,8,3310.24,827.56,2482.68
50468,1219,2021,3012,6,1596.84,191.62,1405.22
50469,1219,2005,3002,9,5423.85,542.38,4881.47
50470,1220,2025,3008,8,220.8,37.54,183.26
50471,1220,2010,3005,4,182.6,31.04,151.56
50472,1220,2009,3008,5,138,27.6,110.4
50473,1220,2019,3009,6,2660.82,106.43,2554.39
50474,1220,2022,3014,9,3086.46,648.16,2438.3
50475,1220,2015,3009,9,3991.23,917.98,3073.25
50476,1221,2001,3006,5,1038.25,93.44,944.81
50477,1221,2014,3010,10,2575.5,77.26,2498.24
50478,1221,2002,3003,9,3724.02,893.76,2830.26
50479,1221,2023,3011,10,3524.7,317.22,3207.48
50480,1222,2007,3008,8,220.8,13.25,207.55
50481,1223,2010,3007,5,1046.8,146.55,900.25
50482,1224,2014,3004,7,3156.23,378.75,2777.48
50483,1224,2009,3006,9,1868.85,429.84,1439.01
50484,1224,2019,3014,2,685.88,171.47,514.41
50485,1225,2022,3007,2,418.72,75.37,343.35
50486,1225,2008,3008,2,55.2,3.86,51.34
50487,1226,2025,3008,9,248.4,12.42,235.98
50488,1226,2022,3002,2,1205.3,253.11,952.19
50489,1226,2017,3008,1,27.6,4.97,22.63
50490,1226,2011,3005,10,456.5,27.39,429.11
50491,1227,2016,3010,4,1030.2,164.83,865.37
50492,1228,2025,3007,10,2093.6,481.53,1612.07
50493,1228,2011,3013,1,143.8,15.82,127.98
50494,1228,2017,3003,1,413.78,82.76,331.02
50495,1229,2003,3010,8,2060.4,123.62,1936.78
50496,1229,2018,3006,5,1038.25,83.06,955.19
50497,1229,2016,3005,3,136.95,8.22,128.73
50498,1230,2011,3008,10,276,5.52,270.48
50499,1231,2018,3013,6,862.8,163.93,698.87
50500,1231,2007,3003,1,413.78,49.65,364.13
50501,1232,2004,3004,1,450.89,63.12,387.77
50502,1232,2003,3001,1,215.38,32.31,183.07
50503,1232,2017,3003,10,4137.8,41.38,4096.42
50504,1233,2008,3001,5,1076.9,32.31,1044.59
50505,1234,2007,3001,2,430.76,0,430.76
50506,1234,2023,3006,8,1661.2,398.69,1262.51
50507,1234,2021,3013,3,431.4,30.2,401.2
50508,1235,2012,3002,3,1807.95,72.32,1735.63
50509,1235,2014,3007,5,1046.8,20.94,1025.86
50510,1236,2018,3001,8,1723.04,361.84,1361.2
50511,1237,2025,3003,6,2482.68,173.79,2308.89
50512,1237,2010,3011,3,1057.41,169.19,888.22
50513,1237,2015,3010,3,772.65,92.72,679.93
50514,1238,2019,3001,7,1507.66,165.84,1341.82
50515,1239,2009,3006,2,415.3,41.53,373.77
50516,1240,2019,3008,10,276,49.68,226.32
50517,1241,2002,3001,9,1938.42,232.61,1705.81
50518,1242,2001,3012,4,1064.56,149.04,915.52
50519,1242,2009,3007,2,418.72,12.56,406.16
50520,1242,2023,3006,8,1661.2,365.46,1295.74
50521,1243,2021,3001,6,1292.28,64.61,1227.67
50522,1243,2001,3013,1,143.8,35.95,107.85
50523,1243,2015,3012,6,1596.84,0,1596.84
50524,1244,2016,3007,3,628.08,43.97,584.11
50525,1245,2023,3015,6,2118.54,21.19,2097.35
50526,1246,2009,3013,4,575.2,74.78,500.42
50527,1247,2007,3001,6,1292.28,25.85,1266.43
50528,1248,2013,3014,5,1714.7,342.94,1371.76
50529,1249,2014,3008,3,82.8,9.94,72.86
50530,1249,2007,3004,6,2705.34,108.21,2597.13
50531,1250,2022,3001,2,430.76,30.15,400.61
50532,1250,2008,3001,10,2153.8,323.07,1830.73
50533,1251,2021,3009,10,4434.7,354.78,4079.92
50534,1252,2008,3014,1,342.94,72.02,270.92
50535,1252,2007,3002,3,1807.95,397.75,1410.2
50536,1253,2022,3003,10,4137.8,372.4,3765.4
50537,1253,2019,3001,5,1076.9,53.85,1023.05
50538,1254,2007,3014,1,342.94,6.86,336.08
50539,1254,2017,3013,10,1438,244.46,1193.54
50540,1255,2010,3002,10,6026.5,180.79,5845.71
50541,1255,2023,3015,3,1059.27,105.93,953.34
50542,1256,2003,3007,9,1884.24,226.11,1658.13
50543,1257,2024,3003,10,4137.8,951.69,3186.11
50544,1257,2015,3002,5,3013.25,150.66,2862.59
50545,1258,2024,3013,8,1150.4,126.54,1023.86
50546,1259,2014,3012,4,1064.56,31.94,1032.62
50547,1259,2018,3005,7,319.55,44.74,274.81
50548,1260,2020,3002,4,2410.6,337.48,2073.12
50549,1260,2009,3013,9,1294.2,284.72,1009.48
50550,1261,2006,3006,8,1661.2,132.9,1528.3
50551,1262,2022,3003,10,4137.8,537.91,3599.89
50552,1263,2022,3010,6,1545.3,370.87,1174.43
50553,1264,2012,3012,10,2661.4,638.74,2022.66
50554,1264,2025,3014,2,685.88,96.02,589.86
50555,1265,2016,3008,9,248.4,19.87,228.53
50556,1266,2015,3013,10,1438,215.7,1222.3
50557,1266,2017,3011,7,2467.29,493.46,1973.83
50558,1267,2003,3013,4,575.2,132.3,442.9
50559,1267,2006,3002,1,602.65,12.05,590.6
50560,1267,2014,3011,9,3172.23,761.34,2410.89
50561,1268,2023,3011,4,1409.88,14.1,1395.78
50562,1269,2005,3005,1,45.65,5.48,40.17
50563,1270,2005,3010,9,2317.95,185.44,2132.51
50564,1270,2009,3005,6,273.9,5.48,268.42
50565,1271,2003,3009,5,2217.35,199.56,2017.79
50566,1271,2001,3004,8,3607.12,577.14,3029.98
50567,1272,2025,3003,5,2068.9,41.38,2027.52
50568,1272,2002,3013,8,1150.4,103.54,1046.86
50569,1273,2016,3009,3,1330.41,93.13,1237.28
50570,1274,2018,3005,1,45.65,0.46,45.19
50571,1275,2003,3001,4,861.52,43.08,818.44
50572,1276,2023,3009,7,3104.29,620.86,2483.43
50573,1276,2014,3014,3,1028.82,185.19,843.63
50574,1277,2014,3007,9,1884.24,56.53,1827.71
50575,1277,2012,3001,3,646.14,142.15,503.99
50576,1278,2010,3010,5,1287.75,154.53,1133.22
50577,1278,2018,3010,5,1287.75,231.79,1055.96
50578,1278,2022,3014,4,1371.76,0,1371.76
50579,1278,2011,3011,4,1409.88,155.09,1254.79
50580,1278,2002,3013,2,287.6,46.02,241.58
50581,1279,2023,3014,6,2057.64,411.53,1646.11
50582,1280,2019,3010,7,1802.85,432.68,1370.17
50583,1280,2013,3008,10,276,49.68,226.32
50584,1280,2018,3012,7,1862.98,391.23,1471.75
50585,1280,2011,3003,10,4137.8,455.16,3682.64
50586,1281,2006,3008,8,220.8,24.29,196.51
50587,1282,2017,3013,10,1438,301.98,1136.02
50588,1283,2016,3012,3,798.42,39.92,758.5
50589,1284,2004,3004,7,3156.23,378.75,2777.48
50590,1284,2021,3006,9,1868.85,429.84,1439.01
50591,1284,2023,3003,5,2068.9,331.02,1737.88
50592,1285,2004,3002,7,4218.55,548.41,3670.14
50593,1286,2008,3012,4,1064.56,63.87,1000.69
50594,1286,2025,3009,6,2660.82,399.12,2261.7
50595,1287,2013,3002,6,3615.9,578.54,3037.36
50596,1287,2022,3015,9,3177.81,730.9,2446.91
50597,1288,2023,3014,9,3086.46,370.38,2716.08
50598,1288,2003,3002,1,602.65,72.32,530.33
50599,1289,2011,3001,7,1507.66,196,1311.66
50600,1290,2020,3003,5,2068.9,455.16,1613.74
