"Embarazos","Glucosa","Presion","IMC","Edad","Resultado"
5,101,77,15.2,32,1
4,114,53,33.7,44,1
6,151,79,20.8,57,1
3,105,49,22.4,32,0
5,52,63,27.8,54,1
4,157,67,43.5,58,1
2,156,69,28.2,62,1
3,84,70,27.2,23,1
3,112,61,32.9,46,0
3,81,77,22.6,60,0
2,130,41,31.1,27,1
3,78,94,32.4,56,1
4,152,58,42,27,1
1,132,76,20.7,37,1
3,93,72,41.4,53,1
1,151,65,32.2,37,1
3,172,52,49.3,31,1
4,96,98,31.2,58,1
1,67,54,44.8,29,1
2,94,60,33.9,45,1
6,126,74,39.3,22,1
7,168,56,31.7,46,1
2,122,87,26.4,45,1
0,115,73,34.2,23,1
6,154,57,15.8,25,1
2,125,59,32.4,28,1
2,110,78,30,28,1
4,79,83,35.8,26,1
2,141,70,31.3,42,1
3,135,69,34.7,38,0
5,156,61,36.6,58,1
3,128,60,23.8,48,1
5,101,66,42.3,49,1
6,95,62,26,58,1
1,97,51,32.3,28,1
4,110,88,36.6,38,1
5,89,66,27.7,57,1
0,86,62,26.3,49,1
0,127,82,47.2,57,1
2,155,67,23,43,1
2,108,64,28.3,54,1
2,126,80,36,38,1
5,135,77,36,60,1
2,89,93,28.2,42,1
2,223,66,34.7,35,1
5,128,77,36.7,54,1
3,173,79,44.2,59,1
3,122,61,32.6,54,1
4,115,61,22.7,43,1
5,145,64,43,62,1
3,130,50,33.9,22,0
6,79,73,28.6,35,0
5,87,65,35.9,53,1
4,169,79,37.8,40,1
5,107,68,35.2,32,1
3,115,76,18.6,63,1
1,132,64,20.8,43,1
5,125,71,26.3,41,1
3,63,86,35.7,53,1
3,115,66,23.9,48,1
3,116,79,28.5,62,1
2,71,61,34.6,25,1
11,64,58,46.4,35,1
5,120,56,31.4,48,1
4,192,74,21.9,31,1
4,60,77,32.5,57,1
5,180,71,29.7,51,1
5,73,66,34.6,51,1
4,95,81,31.8,23,1
5,142,77,20.2,27,1
4,162,67,25.2,25,1
4,120,70,34,53,1
6,136,70,31,61,1
3,93,77,33.4,56,1
2,125,61,27.1,63,1
2,112,61,30.3,50,1
3,49,57,24.3,22,0
5,85,59,30.5,47,1
2,147,57,39,59,1
3,103,74,33.5,48,1
3,53,73,29.4,59,0
4,133,86,27.5,50,1
6,189,56,38.1,59,1
4,96,77,37.8,38,1
5,165,85,21.9,31,1
5,125,67,27.7,23,1
1,172,88,28.9,52,1
1,102,59,38.6,45,1
3,90,55,33.9,29,1
3,138,74,27.5,23,1
4,98,67,32.5,59,1
2,144,71,26.6,29,1
3,120,81,32.8,36,1
3,153,60,40.3,55,1
0,98,62,33.3,30,1
4,162,97,39.2,22,1
2,207,97,28.4,38,1
1,91,78,40.4,46,1
3,150,78,32.7,22,1
7,134,73,41.6,57,1
3,165,79,43,54,1
8,86,57,24.4,42,0
1,105,47,31.4,52,1
6,91,78,19.6,59,1
6,86,84,23.4,21,0
5,61,80,24.4,26,0
2,139,68,38,52,0
6,105,65,40.9,55,1
2,152,59,21.7,26,1
3,148,108,19,59,1
3,179,70,33.3,28,1
4,140,56,29.6,58,1
4,161,88,23.8,43,0
3,148,71,30.4,57,1
3,148,82,37.3,51,1
6,93,69,29.9,33,1
4,73,64,36.1,52,0
1,132,56,26.2,28,1
3,125,52,32.2,27,1
3,138,68,20.2,50,1
1,130,57,38.4,23,1
6,105,51,34.5,36,1
5,149,64,24.4,21,1
2,125,83,43.3,27,1
2,169,68,30.5,46,1
6,119,60,36.4,58,1
5,108,84,32.5,22,0
10,111,57,18.3,56,1
2,76,53,29.9,32,1
2,91,70,28.9,58,1
2,47,58,29.2,55,1
2,120,90,37.4,37,1
8,134,80,29.5,51,1
2,104,75,36,22,1
2,155,79,32.4,47,1
2,52,80,31.8,36,0
3,104,70,25.8,22,0
7,159,68,31.5,33,1
3,131,48,19.6,21,0
4,130,74,27.5,33,1
4,41,64,19.9,53,0
3,89,77,41.5,58,1
2,125,65,28.9,30,1
4,137,91,26.2,61,1
2,65,73,34.7,31,0
6,157,61,34.2,37,1
8,117,70,37.1,62,1
4,132,59,32.7,63,1
4,147,40,30.5,31,1
2,139,56,23.4,64,1
5,111,64,38.1,59,1
4,62,56,33.7,25,0
8,136,56,37.4,46,1
5,176,61,27.5,48,1
4,94,69,41.2,32,1
3,99,55,30.8,53,1
3,151,72,31.8,51,1
3,134,73,46.6,48,1
4,138,76,39.8,34,1
4,117,82,28.9,56,1
3,96,63,30.5,58,1
3,98,69,32.6,23,0
5,114,85,30.5,25,1
0,115,87,36.6,64,1
3,85,68,25.6,38,0
7,139,75,15.8,58,1
2,110,61,31.3,34,1
2,122,57,33.7,41,1
4,126,74,31,28,1
4,188,61,32.1,36,1
5,88,64,32.7,38,1
4,137,69,36.7,40,1
7,134,79,23.2,49,1
3,159,60,28.4,28,1
3,110,56,38.6,31,1
1,145,70,26.2,54,1
3,121,77,23,63,1
5,143,56,19.2,52,1
4,174,36,21.4,40,1
2,114,83,28.1,41,1
6,103,63,22.5,34,0
5,179,80,33.1,52,1
4,127,61,39.9,41,1
3,52,53,24.9,48,1
3,83,58,24.7,63,1
3,145,66,17,29,1
7,120,79,34.8,24,1
4,119,92,32,32,0
1,101,93,37.4,56,1
1,121,77,27.1,49,1
4,93,78,38.8,53,1
2,90,76,33.5,54,0
5,128,58,31.9,61,1
7,152,59,33.6,57,1
5,152,76,37.9,50,1
3,118,62,38.3,61,1
3,106,66,29.6,62,1
4,140,79,37.7,22,1
5,94,64,28.8,30,1
3,130,63,34.7,37,1
5,107,37,33.7,55,1
3,147,65,36,61,1
3,143,77,27.6,24,1
3,68,65,36.1,55,1
4,94,72,29.9,35,1
2,107,78,37.2,25,1
5,73,59,36.6,53,1
5,78,73,26.7,48,1
3,119,70,30.1,49,1
5,102,62,44.3,55,1
0,105,63,45.9,55,1
3,115,52,37.2,23,1
0,166,71,28.6,53,1
5,142,53,35,61,1
2,98,67,34.1,22,1
4,109,56,23.1,49,1
5,101,70,40.2,60,1
0,40,85,26.4,59,0
1,85,69,41.5,40,1
8,110,54,37,40,1
3,122,75,28,29,1
1,96,89,38.8,62,1
6,143,63,29.6,63,1
1,124,65,30.1,49,0
2,131,53,29.1,51,1
4,119,77,34.5,65,1
6,119,55,34.8,61,1
3,62,61,44.5,40,0
6,130,75,40.7,47,1
3,163,81,36.3,31,1
3,144,64,28.3,43,1
5,156,82,27.1,22,1
3,90,49,36.3,56,1
3,115,54,34.1,29,1
4,65,56,35.4,64,1
2,103,87,25.9,52,1
5,104,73,35.3,62,1
4,57,64,26.8,24,1
4,119,79,28.5,55,1
4,144,70,36.7,57,1
4,131,74,30.6,65,1
2,94,53,36.5,55,1
2,128,63,28.4,61,1
3,94,84,27.1,41,1
1,96,67,41.3,44,1
2,90,56,32,37,1
8,104,64,27.9,23,1
3,147,67,38.1,53,1
3,82,67,33.3,38,1
2,79,79,38.9,45,1
4,150,73,39.6,61,1
4,83,80,18.6,49,1
4,103,66,21.9,52,1
6,131,61,44.5,59,1
1,134,95,26.8,27,1
3,83,72,26,33,0
2,88,47,25.9,22,1
3,92,67,25.9,47,1
1,86,72,25.7,46,1
6,95,59,21.2,38,1
3,125,92,41.2,54,1
4,157,64,36.9,29,1
4,125,68,32.1,60,1
4,114,74,23.6,60,1
4,76,82,33.9,40,1
2,40,85,24.5,52,1
2,78,76,17.4,26,1
3,119,74,36.8,52,1
0,98,63,38.2,50,1
6,151,62,45.8,33,1
4,114,41,28.9,48,1
6,93,65,27.1,50,1
1,113,74,23.3,64,1
2,137,75,31.2,45,0
3,99,58,24.9,56,0
8,69,56,19.8,26,0
5,101,77,28.5,34,0
4,117,83,41.2,32,1
2,109,63,34.1,29,1
1,141,60,38,38,1
3,186,57,29.2,26,1
2,85,54,37.5,60,1
5,153,68,35.9,51,1
4,85,56,41.2,32,1
2,163,74,45.4,41,1
9,145,85,44,36,1
3,140,56,40.3,43,1
3,105,76,23.1,51,1
3,180,55,38.7,56,1
5,129,77,30.7,35,1
3,112,61,24.3,34,0
4,117,76,24.1,57,1
3,157,59,29.9,56,1
1,133,88,35.6,47,1
5,95,53,35.8,64,1
3,89,70,32.9,48,1
3,84,60,31.7,46,1
4,160,70,32.5,39,1
1,122,51,38.8,59,1
2,71,61,29.1,32,0
5,161,74,27.4,34,1
3,152,72,28.6,34,1
4,141,61,32.6,44,1
6,114,54,32.7,38,1
0,133,74,31.4,54,1
6,169,49,44.9,51,1
4,104,91,31.3,40,1
1,161,49,30.6,47,1
5,70,83,33.1,48,1
3,124,62,25.1,40,1
6,170,86,36.5,29,1
3,93,66,31.6,46,1
2,102,54,35.8,37,1
3,128,69,26.9,58,1
1,118,74,42.8,49,1
6,141,86,31.7,47,1
3,76,70,36.1,52,1
2,103,86,21.4,62,1
3,142,61,32.3,64,1
4,97,69,30.6,25,1
3,161,55,30.9,41,1
4,176,76,22.5,22,1
4,114,70,29.5,27,1
0,91,63,32.1,61,1
2,155,52,25.5,42,1
7,94,68,36.6,43,1
0,147,62,30.6,59,1
2,102,48,37,39,1
2,135,64,27.9,44,1
4,130,69,32.1,21,1
2,123,84,38,26,1
3,142,55,33,59,1
8,139,85,33.3,26,1
5,126,72,34.7,56,1
0,123,73,28.1,57,1
7,136,72,36.8,60,1
3,85,55,18.6,28,0
7,114,51,40.4,49,1
4,128,79,14.2,41,1
4,134,55,31.7,54,1
5,86,64,41.1,23,1
4,127,79,15.7,21,1
4,128,76,32.5,38,1
5,137,70,34.3,46,1
2,136,81,31.1,44,1
5,101,78,27.4,24,0
3,107,74,34.2,26,1
2,144,61,29.4,39,1
6,90,78,31.1,39,1
4,163,64,34.2,51,1
4,159,70,37.5,46,1
3,132,78,27.8,57,1
3,72,52,30.1,32,1
2,87,74,31.8,53,1
1,81,59,37.1,26,1
5,156,81,30.2,46,1
5,96,74,33.2,25,1
5,99,70,29.5,38,1
5,98,67,31.6,62,1
4,103,68,23.9,21,1
10,126,61,32.6,34,1
4,129,70,32.7,48,1
5,81,61,35.5,59,1
2,139,81,32.6,49,1
4,120,51,24.6,61,1
1,91,66,18.2,31,0
4,177,67,36.3,40,1
3,143,53,32.5,22,1
5,107,85,24.7,27,1
3,103,66,36.7,23,1
5,121,64,23.8,27,1
5,92,81,32.1,55,1
1,170,88,37.2,50,1
4,201,86,25.6,48,1
3,74,80,25,23,1
5,63,56,38.7,45,1
7,118,58,32.7,56,1
2,186,64,27.6,22,1
2,168,83,31.7,37,1
6,114,58,46.6,44,1
6,84,69,36.8,63,1
6,69,52,30.3,56,1
3,149,62,48.2,44,1
4,46,49,24.2,55,0
4,111,69,21.7,23,1
4,116,47,37.3,37,1
3,90,70,33.6,45,1
1,133,83,36.4,52,1
1,153,45,14.3,65,0
2,115,68,43.6,24,1
3,37,94,33,52,1
3,141,102,33.2,43,1
2,141,79,43.1,22,1
3,109,70,35.4,22,1
4,89,68,25.5,44,1
3,114,71,26.3,33,0
6,54,59,24.3,65,0
3,110,58,30.9,41,1
2,121,68,26.4,63,1
0,114,74,34.6,27,1
