"ID_Cliente","Reclamaciones","Churn_Real"
101,0,0
102,0,0
103,0,1
104,0,0
105,0,0
106,0,0
107,0,1
108,1,0
109,2,0
110,0,0
111,0,0
112,1,0
113,0,0
114,0,1
115,0,0
116,1,0
117,0,0
118,0,1
119,0,0
120,1,0
121,2,0
122,0,0
123,1,0
124,0,1
125,0,0
126,0,0
127,0,0
128,0,1
129,0,0
130,0,0
131,0,0
132,3,0
133,1,0
134,0,0
135,0,0
136,0,0
137,1,1
138,1,0
139,0,0
140,0,0
141,0,0
142,1,0
143,1,0
144,0,0
145,0,0
146,0,0
147,0,0
148,0,0
149,0,0
150,0,0
151,0,0
152,0,0
153,0,1
154,0,0
155,1,0
156,0,0
157,0,0
158,1,1
159,0,1
160,0,0
161,0,0
162,0,0
163,1,0
164,0,1
165,0,0
166,0,1
167,0,0
168,0,0
169,0,0
170,1,1
171,0,0
172,0,0
173,0,0
174,1,0
175,0,1
176,1,1
177,0,0
178,1,0
179,0,0
180,0,1
181,0,0
182,0,0
183,1,1
184,0,1
185,0,0
186,0,1
187,1,0
188,0,0
189,0,0
190,0,0
191,0,0
192,0,0
193,0,0
194,0,0
195,0,0
196,0,0
197,0,0
198,1,0
199,0,0
200,0,0
201,0,0
202,0,0
203,1,0
204,1,0
205,0,0
206,1,0
207,1,0
208,2,0
209,1,0
210,0,1
211,0,0
212,0,0
213,0,0
214,1,0
215,1,0
216,2,1
217,1,0
218,1,1
219,0,0
220,1,0
221,1,0
222,0,0
223,0,1
224,0,0
225,1,0
226,2,1
227,1,0
228,0,0
229,1,1
230,2,0
231,0,1
232,1,0
233,0,1
234,1,1
235,0,0
236,1,0
237,0,0
238,1,0
239,0,1
240,0,0
241,1,0
242,0,0
243,0,0
244,1,0
245,0,0
246,0,0
247,0,0
248,1,0
249,0,0
250,0,1
251,0,0
252,0,0
253,1,0
254,0,0
255,1,0
256,1,1
257,0,0
258,0,0
259,2,0
260,0,0
261,2,1
262,0,0
263,1,0
264,0,1
265,1,1
266,0,0
267,2,0
268,1,0
269,0,1
270,1,0
271,1,0
272,1,0
273,0,0
274,2,0
275,0,0
276,1,0
277,0,1
278,0,0
279,1,0
280,0,1
281,0,1
282,0,0
283,0,1
284,1,1
285,0,0
286,0,0
287,0,0
288,1,0
289,0,0
290,0,0
291,1,0
292,1,0
293,0,0
294,2,1
295,0,1
296,0,0
297,0,1
298,0,0
299,0,0
300,0,0
301,0,1
302,0,1
303,0,0
304,1,0
305,0,0
306,0,0
307,1,1
308,0,0
309,0,0
310,0,0
311,0,0
312,0,0
313,0,0
314,0,0
315,0,0
316,1,1
317,0,0
318,1,0
319,1,0
320,1,0
321,1,0
322,0,0
323,3,0
324,2,0
325,1,0
326,1,0
327,0,1
328,0,0
329,0,0
330,0,0
331,1,0
332,1,0
333,0,1
334,0,1
335,0,0
336,0,0
337,2,0
338,0,1
339,0,0
340,0,0
341,0,0
342,0,0
343,1,0
344,1,0
345,0,1
346,0,0
347,1,0
348,0,0
349,1,0
350,0,0
351,1,0
352,0,1
353,0,1
354,1,1
355,0,0
356,0,1
357,0,0
358,1,0
359,0,0
360,2,1
361,0,0
362,0,1
363,0,0
364,1,0
365,0,0
366,1,0
367,1,1
368,1,0
369,1,0
370,0,0
371,1,0
372,0,1
373,0,1
374,0,0
375,1,0
376,0,0
377,0,1
378,0,0
379,0,0
380,0,0
381,0,0
382,1,1
383,0,1
384,0,0
385,0,0
386,0,0
387,0,0
388,0,0
389,0,0
390,0,0
391,0,0
392,0,0
393,1,0
394,2,0
395,0,0
396,0,1
397,0,1
398,0,0
399,0,1
400,0,0
401,0,0
402,0,0
403,0,0
404,0,1
405,0,0
406,0,0
407,0,0
408,1,0
409,0,0
410,0,0
411,1,0
412,1,0
413,1,0
414,0,0
415,1,0
416,0,0
417,1,0
418,0,0
419,1,0
420,0,0
421,0,0
422,0,0
423,1,1
424,0,0
425,0,0
426,0,0
427,0,0
428,0,0
429,0,0
430,1,0
431,0,0
432,1,1
433,1,0
434,0,1
435,1,0
436,0,1
437,0,0
438,0,0
439,0,0
440,0,0
441,1,0
442,0,1
443,0,0
444,0,0
445,1,0
446,1,1
447,0,1
448,1,0
449,1,0
450,0,0
