"ID_Cliente","Gasto_Total","Frecuencia_Compras"
101,575,11
102,1166,9
103,755,7
104,1401,5
105,1459,5
106,1459,9
107,1303,9
108,1244,6
109,1260,7
110,1430,11
111,666,8
112,1665,10
113,918,11
114,1118,12
115,684,8
116,1155,7
117,1372,11
118,1446,13
119,1239,5
120,1801,8
121,1304,8
122,1339,12
123,1116,12
124,863,8
125,1022,11
126,1478,4
127,1485,8
128,1124,9
129,1069,8
130,1291,8
131,665,5
132,1129,7
133,1466,6
134,675,9
135,1087,13
136,1341,11
137,1175,9
138,271,9
139,910,6
140,630,7
141,848,10
142,1162,8
143,1505,12
144,700,7
145,1068,6
146,1128,6
147,797,8
148,1578,13
149,933,9
150,1030,10
151,1088,13
152,1284,9
153,707,11
154,653,10
155,1472,6
156,1692,7
157,1405,4
158,1327,13
159,1043,7
160,295,6
161,1385,5
162,1183,8
163,1186,8
164,1297,16
165,1331,13
166,1429,9
167,1072,17
168,369,7
169,1003,7
170,771,7
171,1010,13
172,1016,6
173,1198,10
174,1128,8
175,827,3
176,1358,5
177,308,12
178,1859,5
179,1162,6
180,1328,8
181,1064,8
182,1571,6
183,1335,9
184,1989,5
185,951,9
186,570,12
187,1202,11
188,1219,12
189,765,7
190,789,7
191,1916,9
192,870,9
193,1478,7
194,1648,6
195,1225,9
196,1576,10
197,954,5
198,893,3
199,1205,7
200,699,14
201,847,7
202,1113,12
203,1540,6
204,1346,9
205,1047,15
206,909,7
207,972,14
208,706,11
209,1522,8
210,1398,5
211,975,7
212,786,11
213,1781,7
214,1655,9
215,1571,11
216,885,4
217,1211,8
218,1067,9
219,1425,10
220,1036,8
221,1114,8
222,1488,9
223,554,10
224,968,9
225,731,13
226,1113,10
227,1396,9
228,1355,9
229,1551,7
230,1738,11
231,1355,6
232,1061,11
233,1188,10
234,731,12
235,798,11
236,1225,11
237,1321,5
238,1557,8
239,1672,14
240,961,7
241,971,9
242,1320,11
243,1654,7
244,1608,8
245,1158,3
246,1252,10
247,979,7
248,1975,11
249,1643,6
250,1259,4
251,1001,8
252,1362,10
253,1317,12
254,1695,10
255,1796,7
256,1233,5
257,1153,9
258,1235,6
259,932,11
260,1249,16
261,786,10
262,568,9
263,1162,10
264,1567,8
265,1250,6
266,735,9
267,1941,8
268,1324,8
269,1311,9
270,1253,5
271,1286,7
272,1061,13
273,1206,9
274,1244,19
275,709,14
276,1230,13
277,1036,12
278,1460,7
279,1958,13
280,1734,7
281,1193,10
282,1416,9
283,1414,10
284,1020,9
285,220,8
286,1202,10
287,1318,9
288,996,17
289,1133,11
290,1326,11
291,788,11
292,1055,10
293,1444,8
294,1885,8
295,1579,12
296,1593,9
297,1400,8
298,802,11
299,1589,13
300,1078,8
301,1082,13
302,1674,7
303,1756,7
304,851,6
305,1313,8
306,1158,9
307,1066,8
308,988,6
309,782,6
310,1221,10
311,1568,11
312,1394,7
313,1528,6
314,859,8
315,1086,11
316,1300,6
317,1004,8
318,778,11
319,895,12
320,982,10
321,1066,8
322,1361,5
323,1244,7
324,1374,8
325,1218,11
326,673,10
327,1192,8
328,533,7
329,1276,10
330,1518,7
331,1154,4
332,779,13
333,1390,6
334,1000,10
335,1896,14
336,837,5
337,1844,10
338,836,4
339,996,11
340,1365,8
341,822,10
342,1309,7
343,873,11
344,1101,6
345,1423,7
346,825,11
347,734,7
348,1172,7
349,1358,10
350,1383,11
351,1448,9
352,966,7
353,1485,10
354,1450,11
355,1226,13
356,1059,13
357,1913,11
358,2411,12
359,1258,7
360,1615,12
361,1146,8
362,1560,6
363,2092,13
364,1143,6
365,1070,9
366,842,10
367,1240,8
368,1322,9
369,1774,8
370,882,10
371,462,5
372,961,10
373,1075,14
374,1128,6
375,1514,9
376,1278,12
377,1725,12
378,1656,9
379,1549,12
380,1006,8
381,1168,11
382,903,9
383,935,8
384,1271,5
385,1068,8
386,1526,10
387,1080,12
388,999,9
389,680,10
390,1299,14
391,1253,8
392,1177,14
393,1178,6
394,2108,11
395,1395,6
396,577,8
397,1746,6
398,686,10
399,1005,9
400,1190,10
401,901,10
402,1108,10
403,540,11
404,1188,5
405,1011,6
406,1246,6
407,1233,7
408,969,11
409,725,6
410,756,9
411,1336,4
412,1314,9
413,1557,6
414,578,10
415,1050,9
416,735,12
417,668,5
418,747,11
419,1078,7
420,995,11
421,998,9
422,2064,4
423,898,6
424,1318,8
425,1527,10
426,975,13
427,838,10
428,1732,12
429,1514,12
430,828,10
431,1752,13
432,1593,9
433,1282,5
434,1489,11
435,1298,12
436,1195,10
437,810,10
438,1116,10
439,1636,12
440,1723,9
441,1526,8
442,1057,6
443,1399,11
444,1327,18
445,1140,15
446,1028,7
447,1331,7
448,1088,9
449,1149,13
450,1639,6
