"Fecha","Tema","ID_Ecuacion","Consulta_Utilizada","Cantidad_Resultados_Aprox","Criterios_Seleccion","Documentos_Seleccionados_IDs","Motivo_Inclusion_Exclusion"
"2026-10-07","02_METODOS_MINERIA_DATOS","U2-MET-001","Métodos Supervisados",27831,"Revisión por pares, rigor metodológico y citas acumuladas","DOC_U2_MET_001","Evaluada según criterios de calidad académica y pertinencia temática"
"2026-10-07","02_METODOS_MINERIA_DATOS","U2-MET-002","Métodos No Supervisados",20530,"Revisión por pares, rigor metodológico y citas acumuladas","DOC_U2_MET_002","Evaluada según criterios de calidad académica y pertinencia temática"
"2026-10-07","02_METODOS_MINERIA_DATOS","U2-MET-003","Métodos Semi-supervisados",31248,"Revisión por pares, rigor metodológico y citas acumuladas","DOC_U2_MET_003","Evaluada según criterios de calidad académica y pertinencia temática"
"2026-10-07","02_METODOS_MINERIA_DATOS","U2-MET-004","Métodos de Clasificación",33469,"Revisión por pares, rigor metodológico y citas acumuladas","DOC_U2_MET_004","Evaluada según criterios de calidad académica y pertinencia temática"
"2026-10-07","02_METODOS_MINERIA_DATOS","U2-MET-005","Métodos de Regresión Numérica",26182,"Revisión por pares, rigor metodológico y citas acumuladas","DOC_U2_MET_005","Evaluada según criterios de calidad académica y pertinencia temática"
"2026-10-07","02_METODOS_MINERIA_DATOS","U2-MET-006","Clustering Particional (K-Means)",24157,"Revisión por pares, rigor metodológico y citas acumuladas","DOC_U2_MET_006","Evaluada según criterios de calidad académica y pertinencia temática"
"2026-10-07","02_METODOS_MINERIA_DATOS","U2-MET-007","Clustering Jerárquico Aglomerativo",35060,"Revisión por pares, rigor metodológico y citas acumuladas","DOC_U2_MET_007","Evaluada según criterios de calidad académica y pertinencia temática"
"2026-10-07","02_METODOS_MINERIA_DATOS","U2-MET-008","Clustering por Densidad (DBSCAN)",31147,"Revisión por pares, rigor metodológico y citas acumuladas","DOC_U2_MET_008","Evaluada según criterios de calidad académica y pertinencia temática"
"2026-10-07","02_METODOS_MINERIA_DATOS","U2-MET-009","Minería de Patrones Frecuentes",31224,"Revisión por pares, rigor metodológico y citas acumuladas","DOC_U2_MET_009","Evaluada según criterios de calidad académica y pertinencia temática"
"2026-10-07","02_METODOS_MINERIA_DATOS","U2-MET-010","Algoritmos Apriori y FP-Growth",34719,"Revisión por pares, rigor metodológico y citas acumuladas","DOC_U2_MET_010","Evaluada según criterios de calidad académica y pertinencia temática"
"2026-10-07","02_METODOS_MINERIA_DATOS","U2-MET-011","Detección de Outliers por Distancia",33168,"Revisión por pares, rigor metodológico y citas acumuladas","DOC_U2_MET_011","Evaluada según criterios de calidad académica y pertinencia temática"
"2026-10-07","02_METODOS_MINERIA_DATOS","U2-MET-012","Detección de Anomalías (Isolation Forest)",4980,"Revisión por pares, rigor metodológico y citas acumuladas","DOC_U2_MET_012","Evaluada según criterios de calidad académica y pertinencia temática"
"2026-10-07","02_METODOS_MINERIA_DATOS","U2-MET-013","Reducción de Dimensionalidad (PCA)",26079,"Revisión por pares, rigor metodológico y citas acumuladas","DOC_U2_MET_013","Evaluada según criterios de calidad académica y pertinencia temática"
"2026-10-07","02_METODOS_MINERIA_DATOS","U2-MET-014","Selección de Características (Feature Selection)",18989,"Revisión por pares, rigor metodológico y citas acumuladas","DOC_U2_MET_014","Evaluada según criterios de calidad académica y pertinencia temática"
"2026-10-07","02_METODOS_MINERIA_DATOS","U2-MET-015","Métodos de Ensamblado (Ensemble Learning)",24598,"Revisión por pares, rigor metodológico y citas acumuladas","DOC_U2_MET_015","Evaluada según criterios de calidad académica y pertinencia temática"
