"ID_Estudiante","Edad_Matricula","Cuotas_Al_Dia","Nota_Media_Sem1","Creditos_Aprobados_Sem1","Es_Becado","Abandono_Estudiantil"
2024001,22,1,10.2,5,0,0
2024002,26,1,13.6,4,0,0
2024003,26,1,14.1,6,0,0
2024004,20,1,15.3,6,0,0
2024005,24,1,13.6,5,0,0
2024006,26,1,12.8,6,1,0
2024007,22,1,14.7,3,1,0
2024008,18,1,12.6,6,0,0
2024009,19,0,8.8,5,0,0
2024010,18,1,10.2,6,0,0
2024011,20,1,11.9,3,0,0
2024012,24,1,13.4,5,0,0
2024013,22,1,7.4,5,0,0
2024014,20,1,12.7,4,1,0
2024015,23,1,10,4,0,0
2024016,22,1,10.3,6,0,0
2024017,27,1,12.2,5,0,0
2024018,24,1,9.3,6,1,0
2024019,18,1,9.6,6,0,0
2024020,18,0,13.3,6,0,0
2024021,27,1,11.7,4,0,0
2024022,27,1,11.5,5,0,0
2024023,26,1,16,4,0,0
2024024,23,0,16.3,6,0,0
2024025,25,0,15.8,5,0,0
2024026,24,1,13.5,6,1,0
2024027,28,1,15.5,6,0,0
2024028,26,0,7.7,6,1,0
2024029,18,1,11.5,4,0,0
2024030,21,1,20,5,1,0
2024031,18,1,13.6,5,1,0
2024032,23,1,11.9,5,0,0
2024033,18,1,12.8,5,0,0
2024034,26,1,11.9,6,0,0
2024035,22,1,10.7,5,0,0
2024036,19,1,9.8,4,1,0
2024037,18,1,11.8,6,0,0
2024038,20,1,15.2,6,0,0
2024039,20,1,10.3,6,0,0
2024040,27,1,10.6,5,0,0
2024041,20,1,15.2,6,0,0
2024042,21,1,11.9,6,0,0
2024043,22,0,13.5,6,0,0
2024044,22,1,11,4,0,0
2024045,22,0,12,5,0,0
2024046,24,1,11.3,5,0,0
2024047,18,1,11.2,4,1,0
2024048,19,1,9.9,6,1,0
2024049,18,0,12.2,5,0,0
2024050,22,1,15.8,6,0,0
2024051,19,0,11.2,5,0,0
2024052,23,1,14.6,6,0,0
2024053,21,1,7.9,6,1,0
2024054,26,1,14.4,6,0,0
2024055,28,1,18.3,6,1,0
2024056,27,1,10.2,5,0,1
2024057,23,1,17.2,6,0,0
2024058,24,1,15.4,6,1,0
2024059,20,1,11.8,5,0,0
2024060,18,1,14.7,4,1,0
2024061,26,1,9.1,5,0,0
2024062,23,1,13.1,5,0,0
2024063,22,1,14.8,4,0,0
2024064,21,1,13.3,5,1,0
2024065,22,1,11.5,6,1,0
2024066,18,1,13.5,6,0,0
2024067,21,1,13.5,6,1,0
2024068,20,1,11.5,6,1,0
2024069,28,1,11,6,0,0
2024070,25,1,6.7,6,0,0
2024071,22,0,10,3,1,0
2024072,21,1,10.3,5,1,0
2024073,24,1,9.8,5,0,0
2024074,23,0,15.4,5,0,0
2024075,18,1,11.2,6,0,0
2024076,19,1,17.7,6,0,0
2024077,20,1,10.6,6,0,0
2024078,18,1,11.7,5,0,0
2024079,21,1,10.7,6,0,0
2024080,23,1,13.4,5,1,0
2024081,21,1,14.5,4,1,0
2024082,21,0,11.3,5,0,0
2024083,24,1,14.7,5,0,0
2024084,22,1,10.3,4,0,0
2024085,19,1,12.4,5,0,0
2024086,24,1,14.5,6,0,0
2024087,19,1,17.5,6,1,0
2024088,27,1,14.4,5,0,0
2024089,18,1,13.1,6,0,0
2024090,21,1,13,5,0,0
2024091,22,1,9.2,5,0,0
2024092,26,0,9.3,6,1,0
2024093,23,1,12.2,6,0,0
2024094,18,1,8.6,6,1,0
2024095,18,1,11.7,6,1,0
2024096,26,1,12.9,6,0,0
2024097,26,1,11.3,6,0,0
2024098,22,1,14.5,4,0,0
2024099,18,1,16.5,5,1,0
2024100,18,1,13.3,6,0,0
2024101,18,1,15.6,6,0,0
2024102,20,1,13.6,5,0,0
2024103,18,1,8.7,4,0,0
2024104,19,1,9.7,6,1,0
2024105,18,1,8.5,6,0,0
2024106,21,1,17.1,4,0,0
2024107,27,0,11.5,6,0,0
2024108,22,1,12.3,4,0,0
2024109,21,0,14,4,0,0
2024110,25,1,10.1,6,1,0
2024111,21,1,14.4,6,0,0
2024112,20,1,5.4,5,0,0
2024113,27,1,11,4,1,0
2024114,22,1,12,6,0,0
2024115,24,1,17.3,3,0,0
2024116,20,1,13.8,5,0,0
2024117,31,1,8,5,0,1
2024118,21,0,8.9,5,0,1
2024119,22,1,11.7,6,0,0
2024120,20,0,10.2,4,0,0
2024121,21,1,12.7,6,0,0
2024122,20,1,13.6,5,0,0
2024123,22,0,10.6,5,0,0
2024124,18,0,12.1,4,1,0
2024125,22,1,18.3,6,0,0
2024126,21,1,16.5,4,0,0
2024127,22,1,12.6,2,0,0
2024128,26,1,12.9,6,0,0
2024129,18,1,10.7,5,1,0
2024130,18,1,16.3,4,0,0
2024131,22,1,12.7,4,0,0
2024132,20,1,9.3,5,0,0
2024133,26,1,13.6,5,0,0
2024134,22,1,12.6,5,1,0
2024135,27,1,10.7,2,0,0
2024136,18,1,13.7,4,1,0
2024137,21,1,11.4,5,0,0
2024138,23,0,14.3,4,0,0
2024139,21,0,19.6,3,0,0
2024140,23,0,18.2,6,0,0
2024141,22,1,14.9,5,0,0
2024142,23,1,16.5,4,0,0
2024143,19,1,11.3,6,0,0
2024144,23,1,12.7,6,1,0
2024145,26,1,15.9,5,0,0
2024146,19,1,12.7,6,0,0
2024147,22,1,13.9,6,0,0
2024148,21,1,16.8,5,0,0
2024149,26,1,10,4,0,0
2024150,22,0,18.4,5,0,0
2024151,29,1,14.1,6,0,0
2024152,18,1,8.8,4,1,0
2024153,18,0,9,6,1,0
2024154,22,1,10.8,5,1,0
2024155,21,1,9.3,5,1,0
2024156,24,1,8.4,5,0,0
2024157,24,1,11.6,6,0,0
2024158,20,0,13.2,5,1,0
2024159,26,1,9,5,0,0
2024160,24,1,12.5,6,1,0
2024161,24,0,11,6,0,0
2024162,26,1,16.2,6,0,0
2024163,20,1,11.3,6,1,0
2024164,23,1,13.2,3,0,0
2024165,22,1,12.5,5,1,0
2024166,18,1,8.9,4,0,0
2024167,20,1,9.9,5,1,0
2024168,21,0,14.5,6,1,0
2024169,26,1,12.3,4,0,0
2024170,18,1,14.5,5,0,0
2024171,18,1,11.8,5,1,0
2024172,18,1,10.3,4,1,0
2024173,24,1,13.9,1,1,0
2024174,18,1,8.1,6,0,0
2024175,20,1,14.6,3,0,0
2024176,22,1,7.8,6,0,0
2024177,27,1,10.6,6,1,0
2024178,22,0,12.7,5,0,0
2024179,22,1,10.7,5,1,0
2024180,25,1,9.1,6,1,0
2024181,26,1,15.6,5,0,0
2024182,21,1,12.5,4,1,0
2024183,25,1,16.6,6,1,0
2024184,26,1,11.1,5,0,0
2024185,19,1,13.2,5,0,0
2024186,23,1,13.9,5,0,0
2024187,18,1,3.4,6,0,0
2024188,26,0,10.5,6,0,0
2024189,23,1,12.5,4,0,0
2024190,22,0,12.4,5,0,0
2024191,18,0,12.3,5,0,0
2024192,20,1,17,6,1,0
2024193,19,1,13.1,6,0,0
2024194,23,1,9,6,0,0
2024195,22,1,14.3,5,0,0
2024196,19,1,17.5,4,0,0
2024197,22,1,11.1,5,1,0
2024198,23,0,14.3,5,0,0
2024199,29,1,13.3,5,1,0
2024200,26,1,15.6,5,0,0
2024201,22,1,10.7,4,0,0
2024202,28,1,17.3,3,0,0
2024203,20,1,17.3,6,0,0
2024204,24,1,12.8,5,0,0
2024205,23,1,12.5,6,0,0
2024206,21,1,15.4,3,0,0
2024207,20,1,14.1,5,0,0
2024208,19,1,11.1,5,0,0
2024209,18,1,15.2,6,0,0
2024210,20,1,11.9,6,1,0
2024211,22,1,16.2,2,0,0
2024212,18,1,10.9,5,0,0
2024213,23,1,9.6,6,0,0
2024214,18,1,11.4,6,0,0
2024215,24,1,11.6,6,0,0
2024216,18,1,11.6,5,1,0
2024217,24,1,8.5,6,0,0
2024218,18,1,11.8,5,0,0
2024219,23,1,12,6,0,0
2024220,25,0,15.4,5,0,0
2024221,20,1,12,6,1,0
2024222,27,1,11.8,5,0,0
2024223,25,1,10.3,6,0,0
2024224,24,1,7.1,6,0,0
2024225,28,1,9.9,4,1,0
2024226,24,1,12.1,6,1,0
2024227,19,1,13.5,5,0,0
2024228,23,1,10.7,6,0,0
2024229,27,1,9.5,6,0,0
2024230,23,1,14.3,5,0,0
2024231,18,1,14.3,6,0,0
2024232,21,1,13.9,6,0,0
2024233,25,1,12.7,5,0,0
2024234,24,1,15.8,3,1,0
2024235,21,0,10.2,6,0,0
2024236,23,1,10.7,6,0,0
2024237,24,1,16.5,4,1,0
2024238,25,1,13.6,4,0,0
2024239,26,0,14.4,5,0,0
2024240,22,1,12.2,5,0,0
2024241,23,1,10.2,6,0,0
2024242,26,0,14.8,6,0,0
2024243,19,0,14.5,4,1,0
2024244,23,1,12.5,4,0,0
2024245,18,1,14.3,4,0,0
2024246,26,1,15.7,5,0,0
2024247,19,1,14.4,6,0,0
2024248,21,0,19.3,5,0,0
2024249,19,1,15.3,5,0,0
2024250,25,0,7.7,5,0,0
2024251,21,1,15.6,4,0,0
2024252,18,1,10.9,5,0,0
2024253,24,1,11.7,6,0,0
2024254,23,1,11.5,4,1,0
2024255,27,1,16.1,5,0,0
2024256,18,1,10.1,4,0,0
2024257,22,1,15,5,0,0
2024258,22,1,15,5,0,0
2024259,22,1,16.5,2,0,0
2024260,22,1,20,3,0,0
2024261,18,1,17.4,4,0,0
2024262,21,1,12,4,0,0
2024263,18,1,10.6,5,0,0
2024264,24,1,14.1,4,1,0
2024265,26,1,10.5,5,0,0
2024266,18,1,10.9,6,0,0
2024267,26,0,10.7,6,0,1
2024268,25,1,11.7,5,0,0
2024269,20,1,16.1,6,1,0
2024270,22,1,14.2,3,0,0
2024271,25,1,5.6,4,1,0
2024272,22,0,17.4,5,1,0
2024273,25,0,12,4,0,0
2024274,22,1,12.1,4,0,0
2024275,22,1,9.5,6,0,0
2024276,19,1,13.3,4,1,0
2024277,28,1,12.7,6,0,0
2024278,22,1,11.7,6,1,0
2024279,28,1,13.5,5,0,0
2024280,26,1,14.3,4,0,0
2024281,24,1,13.2,6,1,0
2024282,19,1,16.8,4,0,0
2024283,20,0,11.4,4,1,0
2024284,26,1,15.4,6,1,0
2024285,22,1,8.8,6,0,0
2024286,21,1,13.8,4,0,0
2024287,18,0,11.4,6,0,0
2024288,18,1,12.5,4,0,0
2024289,31,0,10.8,5,0,0
2024290,20,1,10.8,6,0,0
2024291,22,1,13.4,5,0,0
2024292,22,0,12.2,5,1,0
2024293,20,1,10.5,4,1,0
2024294,19,0,19.6,6,0,0
2024295,22,1,9.7,6,1,0
2024296,18,0,15.9,6,0,0
2024297,25,0,9.6,5,0,0
2024298,21,1,6.3,6,0,0
2024299,27,1,12.3,5,0,0
2024300,26,1,11.1,4,0,0
2024301,24,1,8.2,5,1,0
2024302,23,1,10.2,3,0,0
2024303,21,1,11.2,4,0,0
2024304,18,1,8,6,0,0
2024305,24,1,12.1,6,0,0
2024306,27,1,9.9,6,0,0
2024307,20,1,7.9,4,0,0
2024308,23,1,13.3,6,1,0
2024309,28,1,9,5,0,0
2024310,20,1,12.8,5,0,0
2024311,23,1,14.2,5,0,0
2024312,18,1,10.5,5,0,0
2024313,25,1,16.3,4,0,0
2024314,18,1,15.1,6,0,0
2024315,30,0,8.4,5,0,0
2024316,20,1,7.6,6,0,0
2024317,22,1,12.8,5,0,0
2024318,18,1,13.7,6,0,0
2024319,21,1,7.5,6,0,0
2024320,18,1,14.2,4,0,0
2024321,21,0,12.9,6,0,0
2024322,20,1,11.5,6,0,0
2024323,18,1,11.8,5,1,0
2024324,21,1,16.6,6,0,0
2024325,25,0,6.9,6,1,0
2024326,22,1,12.2,6,0,0
2024327,22,1,12.4,5,0,0
2024328,18,1,11.9,4,0,0
2024329,26,1,8,4,0,0
2024330,25,1,8.6,5,0,0
2024331,28,1,12.2,5,0,0
2024332,23,1,6.8,4,0,0
2024333,22,1,12.7,6,0,0
2024334,21,0,10.7,5,1,0
2024335,27,1,8.9,6,0,0
2024336,23,1,9,5,0,0
2024337,21,1,5.9,5,0,0
2024338,27,1,11.6,5,0,0
2024339,18,0,15.3,4,0,0
2024340,18,1,11,6,0,0
2024341,22,1,12.8,6,1,0
2024342,24,1,16.5,3,0,0
2024343,20,1,13.2,5,0,0
2024344,22,1,14,5,1,0
2024345,21,1,11,2,0,0
2024346,18,1,11.6,5,0,0
2024347,25,1,11.5,5,0,0
2024348,21,1,14.8,5,0,0
2024349,20,1,9.4,5,0,0
2024350,24,1,15.9,5,1,0
2024351,26,1,9.8,5,0,0
2024352,20,1,13.1,4,0,0
2024353,23,1,13.4,5,0,0
2024354,23,1,10.8,4,0,0
2024355,18,1,13.8,6,0,0
2024356,21,1,11.2,6,0,0
2024357,30,1,15.5,6,1,0
2024358,20,0,8.8,4,0,0
2024359,22,1,12,4,0,0
2024360,27,1,10.3,4,1,0
2024361,19,1,13.7,6,0,0
2024362,19,1,8.7,6,1,0
2024363,24,1,12.5,6,1,0
2024364,25,1,9.7,6,0,0
2024365,18,1,8.4,5,0,0
2024366,19,1,14.6,6,1,0
2024367,19,1,13,3,1,0
2024368,19,1,13.1,6,0,0
2024369,26,1,15.3,6,0,0
2024370,18,1,5.8,5,0,0
2024371,21,1,15.4,5,1,0
2024372,18,1,8.5,6,1,0
2024373,20,1,15.3,6,1,0
2024374,30,1,9.7,4,1,0
2024375,24,1,14.8,6,1,0
2024376,27,1,16.3,6,1,0
2024377,22,1,12.4,6,1,0
2024378,19,1,13.9,6,0,0
2024379,18,1,12.9,5,0,0
2024380,25,0,8.8,5,1,0
2024381,21,1,16,6,1,0
2024382,25,1,5,6,0,0
2024383,22,1,14.6,5,0,0
2024384,25,0,8.6,5,1,0
2024385,29,1,8.3,6,1,0
2024386,29,1,10.1,6,0,0
2024387,21,1,4.3,4,1,0
2024388,21,1,15.3,6,0,0
2024389,23,1,13.2,6,0,0
2024390,21,1,5,4,1,0
2024391,23,1,11.7,5,0,0
2024392,18,1,10.5,6,0,0
2024393,24,1,8.9,6,0,0
2024394,24,1,14.1,6,0,0
2024395,24,1,14.5,6,1,0
2024396,18,1,10.7,6,0,0
2024397,22,0,11.2,4,0,0
2024398,24,1,11.4,5,0,0
2024399,24,1,6.4,6,0,0
2024400,25,1,13.3,5,0,0
2024401,22,1,13.4,6,0,0
2024402,19,1,13.2,6,1,0
2024403,24,1,14.4,6,0,0
2024404,24,1,15.4,6,0,0
2024405,27,1,12.9,5,0,0
2024406,21,1,15.5,5,1,0
2024407,25,1,18.3,4,0,0
2024408,20,1,9.4,6,0,0
2024409,18,1,10.5,3,0,0
2024410,22,0,13.9,3,1,0
2024411,22,1,19.1,5,0,0
2024412,18,1,15,5,0,0
2024413,25,1,11.2,5,0,0
2024414,23,1,13.7,5,0,0
2024415,24,1,12.5,5,1,0
2024416,26,1,13.8,3,0,0
2024417,21,1,15.3,4,0,0
2024418,18,1,12.2,2,0,0
2024419,23,1,12.7,5,1,0
2024420,19,1,10.6,5,0,0
2024421,21,1,8.1,5,0,0
2024422,25,1,12.1,5,0,0
2024423,27,1,16.4,6,1,0
2024424,19,1,13.5,6,0,0
2024425,23,1,14,4,0,0
2024426,22,1,9.7,5,0,0
2024427,24,1,12.4,6,1,0
2024428,18,1,13.6,5,0,0
2024429,18,1,15.3,5,0,0
2024430,18,1,19.2,6,0,0
2024431,22,1,9.8,6,0,0
2024432,21,1,7.5,6,0,1
2024433,24,1,7.7,6,0,0
2024434,22,1,8.8,6,0,0
2024435,27,1,16.1,2,0,0
2024436,18,1,9.1,4,0,0
2024437,23,1,13.2,5,0,0
2024438,25,1,8.1,5,0,0
2024439,19,0,7.8,6,1,0
2024440,21,0,15.5,4,1,0
2024441,21,1,11.3,6,1,0
2024442,26,1,11.5,4,0,0
2024443,21,1,17.7,5,0,0
2024444,28,0,14,6,0,0
2024445,22,1,16,5,0,0
2024446,19,1,5.6,5,0,0
2024447,24,1,16.3,5,1,0
2024448,27,1,12.8,4,1,0
2024449,22,1,9.2,6,0,0
2024450,20,1,12.2,6,1,0
2024451,20,1,16.4,5,0,0
2024452,18,1,9.3,5,0,0
2024453,19,0,14.3,6,1,0
2024454,25,1,13.8,4,1,0
2024455,20,1,15.7,4,1,0
2024456,21,0,14.7,6,0,0
2024457,23,1,8.2,5,1,0
2024458,24,1,10.9,5,1,0
2024459,23,1,8.4,5,0,0
2024460,26,1,11.1,6,1,0
2024461,19,1,9.4,4,0,0
2024462,21,1,12.7,4,0,0
2024463,25,1,10.4,6,0,0
2024464,26,1,11,6,0,0
2024465,18,1,13.2,5,0,0
2024466,18,1,13.4,3,1,0
2024467,19,1,13.8,5,1,0
2024468,20,1,17.3,6,0,0
2024469,18,1,8.7,5,1,0
2024470,24,1,7.3,4,1,0
2024471,18,1,12.1,3,0,0
2024472,19,1,14.6,5,0,0
2024473,22,1,12.5,5,0,0
2024474,24,1,11.5,6,1,0
2024475,23,1,7.1,5,0,0
2024476,24,1,10.9,4,0,0
2024477,22,1,13.4,6,0,0
2024478,26,1,15,6,0,0
2024479,20,1,14.2,5,0,0
2024480,22,0,8.8,6,0,0
2024481,20,1,13.7,6,0,0
2024482,24,1,12.3,5,0,0
2024483,24,1,15.2,4,0,0
2024484,19,1,10.1,6,0,0
2024485,18,1,12.2,5,1,0
2024486,23,1,8.2,5,0,0
2024487,24,0,16.5,4,1,0
2024488,21,0,12.3,5,1,0
2024489,24,1,12.3,4,0,0
2024490,23,1,12.5,6,1,0
2024491,21,1,14.9,6,0,0
2024492,24,1,13,5,1,0
2024493,23,0,14.6,6,0,0
2024494,28,1,11.9,6,1,0
2024495,24,0,14.9,6,0,0
2024496,25,1,11.6,4,0,0
2024497,30,1,10.1,2,1,0
2024498,25,1,7,4,0,0
2024499,20,1,12.9,3,0,0
2024500,23,1,12.9,6,1,0
