"SK_Tiempo","Fecha","Anio","Mes_Num","Mes_Nombre","Trimestre","Dia_Semana","Es_FinDeSemana"
1001,2024-01-01,2024,1,"enero","Q1","lunes",0
1002,2024-01-02,2024,1,"enero","Q1","martes",0
1003,2024-01-03,2024,1,"enero","Q1","miércoles",0
1004,2024-01-04,2024,1,"enero","Q1","jueves",0
1005,2024-01-05,2024,1,"enero","Q1","viernes",0
1006,2024-01-06,2024,1,"enero","Q1","sábado",1
1007,2024-01-07,2024,1,"enero","Q1","domingo",1
1008,2024-01-08,2024,1,"enero","Q1","lunes",0
1009,2024-01-09,2024,1,"enero","Q1","martes",0
1010,2024-01-10,2024,1,"enero","Q1","miércoles",0
1011,2024-01-11,2024,1,"enero","Q1","jueves",0
1012,2024-01-12,2024,1,"enero","Q1","viernes",0
1013,2024-01-14,2024,1,"enero","Q1","domingo",1
1014,2024-01-15,2024,1,"enero","Q1","lunes",0
1015,2024-01-16,2024,1,"enero","Q1","martes",0
1016,2024-01-17,2024,1,"enero","Q1","miércoles",0
1017,2024-01-18,2024,1,"enero","Q1","jueves",0
1018,2024-01-19,2024,1,"enero","Q1","viernes",0
1019,2024-01-20,2024,1,"enero","Q1","sábado",1
1020,2024-01-21,2024,1,"enero","Q1","domingo",1
1021,2024-01-22,2024,1,"enero","Q1","lunes",0
1022,2024-01-23,2024,1,"enero","Q1","martes",0
1023,2024-01-24,2024,1,"enero","Q1","miércoles",0
1024,2024-01-26,2024,1,"enero","Q1","viernes",0
1025,2024-01-27,2024,1,"enero","Q1","sábado",1
1026,2024-01-28,2024,1,"enero","Q1","domingo",1
1027,2024-01-29,2024,1,"enero","Q1","lunes",0
1028,2024-01-31,2024,1,"enero","Q1","miércoles",0
1029,2024-02-01,2024,2,"febrero","Q1","jueves",0
1030,2024-02-02,2024,2,"febrero","Q1","viernes",0
1031,2024-02-03,2024,2,"febrero","Q1","sábado",1
1032,2024-02-04,2024,2,"febrero","Q1","domingo",1
1033,2024-02-05,2024,2,"febrero","Q1","lunes",0
1034,2024-02-06,2024,2,"febrero","Q1","martes",0
1035,2024-02-07,2024,2,"febrero","Q1","miércoles",0
1036,2024-02-08,2024,2,"febrero","Q1","jueves",0
1037,2024-02-09,2024,2,"febrero","Q1","viernes",0
1038,2024-02-10,2024,2,"febrero","Q1","sábado",1
1039,2024-02-12,2024,2,"febrero","Q1","lunes",0
1040,2024-02-13,2024,2,"febrero","Q1","martes",0
1041,2024-02-16,2024,2,"febrero","Q1","viernes",0
1042,2024-02-17,2024,2,"febrero","Q1","sábado",1
1043,2024-02-18,2024,2,"febrero","Q1","domingo",1
1044,2024-02-20,2024,2,"febrero","Q1","martes",0
1045,2024-02-23,2024,2,"febrero","Q1","viernes",0
1046,2024-02-24,2024,2,"febrero","Q1","sábado",1
1047,2024-02-25,2024,2,"febrero","Q1","domingo",1
1048,2024-02-26,2024,2,"febrero","Q1","lunes",0
1049,2024-02-28,2024,2,"febrero","Q1","miércoles",0
1050,2024-02-29,2024,2,"febrero","Q1","jueves",0
1051,2024-03-01,2024,3,"marzo","Q1","viernes",0
1052,2024-03-02,2024,3,"marzo","Q1","sábado",1
1053,2024-03-04,2024,3,"marzo","Q1","lunes",0
1054,2024-03-06,2024,3,"marzo","Q1","miércoles",0
1055,2024-03-07,2024,3,"marzo","Q1","jueves",0
1056,2024-03-08,2024,3,"marzo","Q1","viernes",0
1057,2024-03-09,2024,3,"marzo","Q1","sábado",1
1058,2024-03-10,2024,3,"marzo","Q1","domingo",1
1059,2024-03-11,2024,3,"marzo","Q1","lunes",0
1060,2024-03-12,2024,3,"marzo","Q1","martes",0
1061,2024-03-13,2024,3,"marzo","Q1","miércoles",0
1062,2024-03-14,2024,3,"marzo","Q1","jueves",0
1063,2024-03-15,2024,3,"marzo","Q1","viernes",0
1064,2024-03-17,2024,3,"marzo","Q1","domingo",1
1065,2024-03-19,2024,3,"marzo","Q1","martes",0
1066,2024-03-20,2024,3,"marzo","Q1","miércoles",0
1067,2024-03-21,2024,3,"marzo","Q1","jueves",0
1068,2024-03-22,2024,3,"marzo","Q1","viernes",0
1069,2024-03-23,2024,3,"marzo","Q1","sábado",1
1070,2024-03-25,2024,3,"marzo","Q1","lunes",0
1071,2024-03-26,2024,3,"marzo","Q1","martes",0
1072,2024-03-27,2024,3,"marzo","Q1","miércoles",0
1073,2024-03-28,2024,3,"marzo","Q1","jueves",0
1074,2024-03-29,2024,3,"marzo","Q1","viernes",0
1075,2024-03-31,2024,3,"marzo","Q1","domingo",1
1076,2024-04-01,2024,4,"abril","Q2","lunes",0
1077,2024-04-04,2024,4,"abril","Q2","jueves",0
1078,2024-04-05,2024,4,"abril","Q2","viernes",0
1079,2024-04-07,2024,4,"abril","Q2","domingo",1
1080,2024-04-08,2024,4,"abril","Q2","lunes",0
1081,2024-04-09,2024,4,"abril","Q2","martes",0
1082,2024-04-10,2024,4,"abril","Q2","miércoles",0
1083,2024-04-11,2024,4,"abril","Q2","jueves",0
1084,2024-04-12,2024,4,"abril","Q2","viernes",0
1085,2024-04-13,2024,4,"abril","Q2","sábado",1
1086,2024-04-14,2024,4,"abril","Q2","domingo",1
1087,2024-04-17,2024,4,"abril","Q2","miércoles",0
1088,2024-04-18,2024,4,"abril","Q2","jueves",0
1089,2024-04-19,2024,4,"abril","Q2","viernes",0
1090,2024-04-20,2024,4,"abril","Q2","sábado",1
1091,2024-04-21,2024,4,"abril","Q2","domingo",1
1092,2024-04-22,2024,4,"abril","Q2","lunes",0
1093,2024-04-23,2024,4,"abril","Q2","martes",0
1094,2024-04-25,2024,4,"abril","Q2","jueves",0
1095,2024-04-26,2024,4,"abril","Q2","viernes",0
1096,2024-04-27,2024,4,"abril","Q2","sábado",1
1097,2024-04-29,2024,4,"abril","Q2","lunes",0
1098,2024-04-30,2024,4,"abril","Q2","martes",0
1099,2024-05-02,2024,5,"mayo","Q2","jueves",0
1100,2024-05-04,2024,5,"mayo","Q2","sábado",1
1101,2024-05-05,2024,5,"mayo","Q2","domingo",1
1102,2024-05-06,2024,5,"mayo","Q2","lunes",0
1103,2024-05-07,2024,5,"mayo","Q2","martes",0
1104,2024-05-09,2024,5,"mayo","Q2","jueves",0
1105,2024-05-12,2024,5,"mayo","Q2","domingo",1
1106,2024-05-13,2024,5,"mayo","Q2","lunes",0
1107,2024-05-14,2024,5,"mayo","Q2","martes",0
1108,2024-05-15,2024,5,"mayo","Q2","miércoles",0
1109,2024-05-16,2024,5,"mayo","Q2","jueves",0
1110,2024-05-18,2024,5,"mayo","Q2","sábado",1
1111,2024-05-19,2024,5,"mayo","Q2","domingo",1
1112,2024-05-20,2024,5,"mayo","Q2","lunes",0
1113,2024-05-21,2024,5,"mayo","Q2","martes",0
1114,2024-05-22,2024,5,"mayo","Q2","miércoles",0
1115,2024-05-23,2024,5,"mayo","Q2","jueves",0
1116,2024-05-24,2024,5,"mayo","Q2","viernes",0
1117,2024-05-25,2024,5,"mayo","Q2","sábado",1
1118,2024-05-26,2024,5,"mayo","Q2","domingo",1
1119,2024-05-30,2024,5,"mayo","Q2","jueves",0
1120,2024-05-31,2024,5,"mayo","Q2","viernes",0
1121,2024-06-01,2024,6,"junio","Q2","sábado",1
1122,2024-06-02,2024,6,"junio","Q2","domingo",1
1123,2024-06-03,2024,6,"junio","Q2","lunes",0
1124,2024-06-04,2024,6,"junio","Q2","martes",0
1125,2024-06-05,2024,6,"junio","Q2","miércoles",0
1126,2024-06-06,2024,6,"junio","Q2","jueves",0
1127,2024-06-08,2024,6,"junio","Q2","sábado",1
1128,2024-06-09,2024,6,"junio","Q2","domingo",1
1129,2024-06-10,2024,6,"junio","Q2","lunes",0
1130,2024-06-11,2024,6,"junio","Q2","martes",0
1131,2024-06-12,2024,6,"junio","Q2","miércoles",0
1132,2024-06-14,2024,6,"junio","Q2","viernes",0
1133,2024-06-15,2024,6,"junio","Q2","sábado",1
1134,2024-06-16,2024,6,"junio","Q2","domingo",1
1135,2024-06-19,2024,6,"junio","Q2","miércoles",0
1136,2024-06-21,2024,6,"junio","Q2","viernes",0
1137,2024-06-22,2024,6,"junio","Q2","sábado",1
1138,2024-06-23,2024,6,"junio","Q2","domingo",1
1139,2024-06-24,2024,6,"junio","Q2","lunes",0
1140,2024-06-25,2024,6,"junio","Q2","martes",0
1141,2024-06-26,2024,6,"junio","Q2","miércoles",0
1142,2024-06-27,2024,6,"junio","Q2","jueves",0
1143,2024-06-28,2024,6,"junio","Q2","viernes",0
1144,2024-06-29,2024,6,"junio","Q2","sábado",1
1145,2024-06-30,2024,6,"junio","Q2","domingo",1
1146,2024-07-01,2024,7,"julio","Q3","lunes",0
1147,2024-07-02,2024,7,"julio","Q3","martes",0
1148,2024-07-03,2024,7,"julio","Q3","miércoles",0
1149,2024-07-05,2024,7,"julio","Q3","viernes",0
1150,2024-07-06,2024,7,"julio","Q3","sábado",1
1151,2024-07-07,2024,7,"julio","Q3","domingo",1
1152,2024-07-08,2024,7,"julio","Q3","lunes",0
1153,2024-07-10,2024,7,"julio","Q3","miércoles",0
1154,2024-07-11,2024,7,"julio","Q3","jueves",0
1155,2024-07-12,2024,7,"julio","Q3","viernes",0
1156,2024-07-13,2024,7,"julio","Q3","sábado",1
1157,2024-07-15,2024,7,"julio","Q3","lunes",0
1158,2024-07-16,2024,7,"julio","Q3","martes",0
1159,2024-07-17,2024,7,"julio","Q3","miércoles",0
1160,2024-07-18,2024,7,"julio","Q3","jueves",0
1161,2024-07-19,2024,7,"julio","Q3","viernes",0
1162,2024-07-21,2024,7,"julio","Q3","domingo",1
1163,2024-07-22,2024,7,"julio","Q3","lunes",0
1164,2024-07-23,2024,7,"julio","Q3","martes",0
1165,2024-07-24,2024,7,"julio","Q3","miércoles",0
1166,2024-07-25,2024,7,"julio","Q3","jueves",0
1167,2024-07-26,2024,7,"julio","Q3","viernes",0
1168,2024-07-28,2024,7,"julio","Q3","domingo",1
1169,2024-07-29,2024,7,"julio","Q3","lunes",0
1170,2024-07-30,2024,7,"julio","Q3","martes",0
1171,2024-07-31,2024,7,"julio","Q3","miércoles",0
1172,2024-08-01,2024,8,"agosto","Q3","jueves",0
1173,2024-08-02,2024,8,"agosto","Q3","viernes",0
1174,2024-08-03,2024,8,"agosto","Q3","sábado",1
1175,2024-08-04,2024,8,"agosto","Q3","domingo",1
1176,2024-08-05,2024,8,"agosto","Q3","lunes",0
1177,2024-08-06,2024,8,"agosto","Q3","martes",0
1178,2024-08-07,2024,8,"agosto","Q3","miércoles",0
1179,2024-08-08,2024,8,"agosto","Q3","jueves",0
1180,2024-08-10,2024,8,"agosto","Q3","sábado",1
1181,2024-08-11,2024,8,"agosto","Q3","domingo",1
1182,2024-08-13,2024,8,"agosto","Q3","martes",0
1183,2024-08-15,2024,8,"agosto","Q3","jueves",0
1184,2024-08-17,2024,8,"agosto","Q3","sábado",1
1185,2024-08-18,2024,8,"agosto","Q3","domingo",1
1186,2024-08-19,2024,8,"agosto","Q3","lunes",0
1187,2024-08-21,2024,8,"agosto","Q3","miércoles",0
1188,2024-08-22,2024,8,"agosto","Q3","jueves",0
1189,2024-08-23,2024,8,"agosto","Q3","viernes",0
1190,2024-08-24,2024,8,"agosto","Q3","sábado",1
1191,2024-08-25,2024,8,"agosto","Q3","domingo",1
1192,2024-08-27,2024,8,"agosto","Q3","martes",0
1193,2024-08-28,2024,8,"agosto","Q3","miércoles",0
1194,2024-08-29,2024,8,"agosto","Q3","jueves",0
1195,2024-08-30,2024,8,"agosto","Q3","viernes",0
1196,2024-08-31,2024,8,"agosto","Q3","sábado",1
1197,2024-09-02,2024,9,"septiembre","Q3","lunes",0
1198,2024-09-03,2024,9,"septiembre","Q3","martes",0
1199,2024-09-04,2024,9,"septiembre","Q3","miércoles",0
1200,2024-09-05,2024,9,"septiembre","Q3","jueves",0
1201,2024-09-06,2024,9,"septiembre","Q3","viernes",0
1202,2024-09-07,2024,9,"septiembre","Q3","sábado",1
1203,2024-09-08,2024,9,"septiembre","Q3","domingo",1
1204,2024-09-10,2024,9,"septiembre","Q3","martes",0
1205,2024-09-11,2024,9,"septiembre","Q3","miércoles",0
1206,2024-09-12,2024,9,"septiembre","Q3","jueves",0
1207,2024-09-13,2024,9,"septiembre","Q3","viernes",0
1208,2024-09-14,2024,9,"septiembre","Q3","sábado",1
1209,2024-09-16,2024,9,"septiembre","Q3","lunes",0
1210,2024-09-17,2024,9,"septiembre","Q3","martes",0
1211,2024-09-18,2024,9,"septiembre","Q3","miércoles",0
1212,2024-09-21,2024,9,"septiembre","Q3","sábado",1
1213,2024-09-23,2024,9,"septiembre","Q3","lunes",0
1214,2024-09-24,2024,9,"septiembre","Q3","martes",0
1215,2024-09-25,2024,9,"septiembre","Q3","miércoles",0
1216,2024-09-26,2024,9,"septiembre","Q3","jueves",0
1217,2024-09-27,2024,9,"septiembre","Q3","viernes",0
1218,2024-09-28,2024,9,"septiembre","Q3","sábado",1
1219,2024-09-29,2024,9,"septiembre","Q3","domingo",1
1220,2024-09-30,2024,9,"septiembre","Q3","lunes",0
1221,2024-10-01,2024,10,"octubre","Q4","martes",0
1222,2024-10-02,2024,10,"octubre","Q4","miércoles",0
1223,2024-10-03,2024,10,"octubre","Q4","jueves",0
1224,2024-10-05,2024,10,"octubre","Q4","sábado",1
1225,2024-10-06,2024,10,"octubre","Q4","domingo",1
1226,2024-10-07,2024,10,"octubre","Q4","lunes",0
1227,2024-10-08,2024,10,"octubre","Q4","martes",0
1228,2024-10-09,2024,10,"octubre","Q4","miércoles",0
1229,2024-10-10,2024,10,"octubre","Q4","jueves",0
1230,2024-10-12,2024,10,"octubre","Q4","sábado",1
1231,2024-10-14,2024,10,"octubre","Q4","lunes",0
1232,2024-10-16,2024,10,"octubre","Q4","miércoles",0
1233,2024-10-18,2024,10,"octubre","Q4","viernes",0
1234,2024-10-19,2024,10,"octubre","Q4","sábado",1
1235,2024-10-20,2024,10,"octubre","Q4","domingo",1
1236,2024-10-21,2024,10,"octubre","Q4","lunes",0
1237,2024-10-23,2024,10,"octubre","Q4","miércoles",0
1238,2024-10-24,2024,10,"octubre","Q4","jueves",0
1239,2024-10-26,2024,10,"octubre","Q4","sábado",1
1240,2024-10-28,2024,10,"octubre","Q4","lunes",0
1241,2024-10-30,2024,10,"octubre","Q4","miércoles",0
1242,2024-10-31,2024,10,"octubre","Q4","jueves",0
1243,2024-11-01,2024,11,"noviembre","Q4","viernes",0
1244,2024-11-02,2024,11,"noviembre","Q4","sábado",1
1245,2024-11-03,2024,11,"noviembre","Q4","domingo",1
1246,2024-11-04,2024,11,"noviembre","Q4","lunes",0
1247,2024-11-06,2024,11,"noviembre","Q4","miércoles",0
1248,2024-11-07,2024,11,"noviembre","Q4","jueves",0
1249,2024-11-08,2024,11,"noviembre","Q4","viernes",0
1250,2024-11-09,2024,11,"noviembre","Q4","sábado",1
1251,2024-11-10,2024,11,"noviembre","Q4","domingo",1
1252,2024-11-11,2024,11,"noviembre","Q4","lunes",0
1253,2024-11-12,2024,11,"noviembre","Q4","martes",0
1254,2024-11-13,2024,11,"noviembre","Q4","miércoles",0
1255,2024-11-14,2024,11,"noviembre","Q4","jueves",0
1256,2024-11-16,2024,11,"noviembre","Q4","sábado",1
1257,2024-11-17,2024,11,"noviembre","Q4","domingo",1
1258,2024-11-20,2024,11,"noviembre","Q4","miércoles",0
1259,2024-11-21,2024,11,"noviembre","Q4","jueves",0
1260,2024-11-22,2024,11,"noviembre","Q4","viernes",0
1261,2024-11-23,2024,11,"noviembre","Q4","sábado",1
1262,2024-11-24,2024,11,"noviembre","Q4","domingo",1
1263,2024-11-25,2024,11,"noviembre","Q4","lunes",0
1264,2024-11-26,2024,11,"noviembre","Q4","martes",0
1265,2024-11-27,2024,11,"noviembre","Q4","miércoles",0
1266,2024-11-28,2024,11,"noviembre","Q4","jueves",0
1267,2024-11-29,2024,11,"noviembre","Q4","viernes",0
1268,2024-11-30,2024,11,"noviembre","Q4","sábado",1
1269,2024-12-02,2024,12,"diciembre","Q4","lunes",0
1270,2024-12-03,2024,12,"diciembre","Q4","martes",0
1271,2024-12-04,2024,12,"diciembre","Q4","miércoles",0
1272,2024-12-05,2024,12,"diciembre","Q4","jueves",0
1273,2024-12-06,2024,12,"diciembre","Q4","viernes",0
1274,2024-12-07,2024,12,"diciembre","Q4","sábado",1
1275,2024-12-09,2024,12,"diciembre","Q4","lunes",0
1276,2024-12-10,2024,12,"diciembre","Q4","martes",0
1277,2024-12-11,2024,12,"diciembre","Q4","miércoles",0
1278,2024-12-12,2024,12,"diciembre","Q4","jueves",0
1279,2024-12-14,2024,12,"diciembre","Q4","sábado",1
1280,2024-12-16,2024,12,"diciembre","Q4","lunes",0
1281,2024-12-17,2024,12,"diciembre","Q4","martes",0
1282,2024-12-19,2024,12,"diciembre","Q4","jueves",0
1283,2024-12-20,2024,12,"diciembre","Q4","viernes",0
1284,2024-12-21,2024,12,"diciembre","Q4","sábado",1
1285,2024-12-22,2024,12,"diciembre","Q4","domingo",1
1286,2024-12-24,2024,12,"diciembre","Q4","martes",0
1287,2024-12-25,2024,12,"diciembre","Q4","miércoles",0
1288,2024-12-26,2024,12,"diciembre","Q4","jueves",0
1289,2024-12-29,2024,12,"diciembre","Q4","domingo",1
1290,2024-12-31,2024,12,"diciembre","Q4","martes",0
