"SK_Producto","SKU_Fuente","Descripcion","Categoria","Precio_Unitario"
3001,"P1","Producto 01","Software",215.38
3002,"P2","Producto 02","Hardware",602.65
3003,"P3","Producto 03","Hardware",413.78
3004,"P4","Producto 04","Servicios Cloud",450.89
3005,"P5","Producto 05","Hardware",45.65
3006,"P6","Producto 06","Software",207.65
3007,"P7","Producto 07","Hardware",209.36
3008,"P8","Producto 08","Hardware",27.6
3009,"P9","Producto 09","Accesorios",443.47
3010,"P10","Producto 10","Accesorios",257.55
3011,"P11","Producto 11","Servicios Cloud",352.47
3012,"P12","Producto 12","Hardware",266.14
3013,"P13","Producto 13","Software",143.8
3014,"P14","Producto 14","Software",342.94
3015,"P15","Producto 15","Accesorios",353.09
