"Var_X1","Var_X2","Regimen_Oculto","Clase_Objetivo"
-0.221,-2.683,2,1
0.972,2.114,1,0
-1.991,-1.318,2,0
-2.365,-2.311,2,0
-3.138,-2.018,2,0
3.826,2.39,1,1
3.561,0.246,1,0
-1.393,-1.406,2,1
-0.724,-2.849,2,1
-2.053,-2.553,2,1
-2.366,-2.556,2,1
-1.119,-0.542,2,0
-2.045,-2.187,2,1
1.419,2.318,1,0
-3.091,-1.977,2,0
-1.721,-1.396,2,0
2.043,2.048,1,1
-2.021,-0.076,2,0
1.787,0.76,1,0
-0.801,-3.059,2,1
-2.182,-4.256,2,1
-3.303,-1.448,2,0
-2.767,-1.253,2,0
-1.948,-0.465,2,0
2.736,2.432,1,1
-2.565,-2.375,2,0
-2.662,-2.685,2,1
-1.663,-0.834,2,0
-2.447,-4.641,2,1
0.627,1.219,1,0
1.574,1.982,1,0
-3.423,-0.972,2,0
0.881,0.461,1,0
-1.509,-2.659,2,1
-2.746,-1.712,2,0
-3.391,-1.031,2,0
1.448,2.136,1,0
-0.737,-0.85,2,1
1.632,3.171,1,1
-1.939,-2.801,2,1
-1.718,-1.217,2,0
3.157,3.677,1,1
-0.935,-0.825,2,0
-2.747,-3.297,2,1
-3.396,-1.011,2,0
-3.428,-1.503,2,0
1.032,2.688,1,0
2.062,1.365,1,0
-3.353,-1.006,2,0
-3.157,-2.942,2,0
2.236,0.571,1,0
-1.609,-1.689,2,1
3.537,1.644,1,1
-2.596,-1.264,2,0
-0.036,1.654,1,0
0.728,0.442,1,0
-2.027,-1.115,2,0
-2.469,-3.886,2,1
0.691,1.786,1,0
-0.048,1.963,1,0
1.795,2.163,1,0
2.18,1.337,1,0
1.522,1.081,1,0
-0.945,-1.012,2,1
1.008,1.201,1,0
2.99,3.516,1,1
-1.877,-1.729,2,0
1.275,1.265,1,0
2.694,1.224,1,0
2.108,1.916,1,1
1.674,1.33,1,0
-1.602,-1.168,2,0
2.124,1.426,1,0
0.866,-0.915,2,1
1.429,0.785,1,0
-3.837,-2.133,2,0
1.039,1.126,1,0
-0.515,-0.836,2,1
2.518,1.64,1,1
2.91,0.754,1,0
2.2,1.253,1,0
-2.232,-0.913,2,0
2.168,0.673,1,0
-0.856,-1.444,2,1
0.835,1.665,1,0
-1.503,-2.063,2,1
2.555,0.711,1,0
1.132,1.964,1,0
1.95,2.544,1,1
3.083,1.669,1,1
2.724,1.999,1,1
3.471,1.17,1,1
-3.559,-2.59,2,0
1.321,2.463,1,0
-3.2,-3.696,2,1
-1.677,-1.429,2,0
2.052,1.005,1,0
1.946,1.753,1,0
-1.454,-1.796,2,1
-2.026,-1.473,2,0
1.711,1.753,1,0
-2.457,-2.756,2,1
-0.085,1.642,1,0
-3.726,-1.899,2,0
-2.329,-3.272,2,1
2.303,1.219,1,0
-2.067,-1.876,2,0
2.245,3.252,1,1
-3.052,-1.782,2,0
2.385,2.509,1,1
2.402,3.921,1,1
-0.189,0.454,1,0
1.769,3.921,1,1
1.713,1.619,1,0
-1.996,-1.257,2,0
0.2,1.822,1,0
1.465,2.828,1,1
-0.354,-3.344,2,1
-2.141,-2.334,2,1
3.032,-0.555,1,0
-0.66,-2.93,2,1
1.302,3.311,1,1
2.545,2.038,1,1
1.991,-0.002,1,0
2.866,2.274,1,1
-1.196,-2.336,2,1
0.714,-1.78,2,1
1.495,2.393,1,0
-1.98,-1.933,2,0
3.315,2.026,1,1
1.132,-0.386,1,0
-0.658,-2.963,2,1
-1.654,-2.61,2,1
2.105,2.559,1,1
3.13,1.251,1,1
-0.094,2.567,1,0
1.724,2.393,1,1
1.686,2.558,1,1
-1.246,-3.378,2,1
-1.715,-2.028,2,1
-2.733,-2.116,2,0
0.08,1.772,1,0
-1.955,-2.757,2,1
-0.718,-1.843,2,1
1.291,2.097,1,0
-2.434,-0.542,2,0
1.221,1.719,1,0
-2.467,-3.059,2,1
3.699,3.383,1,1
1.167,2.864,1,1
-2.13,-2.362,2,1
-1.803,-3.23,2,1
2.597,0.116,1,0
-3.324,-2.447,2,0
-3.698,-1.552,2,0
-0.343,-1.444,2,1
-2.092,-2.849,2,1
-0.462,-1.001,2,1
-1.448,-3.557,2,1
-2.359,-1.274,2,0
1.941,0.761,1,0
3.234,2.809,1,1
1.305,1.017,1,0
-1.385,-1.758,2,1
1.038,5.332,1,1
2.037,1.331,1,0
-0.949,-1.892,2,1
-0.432,-1.056,2,1
2.774,1.665,1,1
2.537,2.128,1,1
0.698,-0.877,1,0
-0.656,-1.603,2,1
-0.069,3.544,1,0
2.892,1.81,1,1
2.899,3.321,1,1
-2.274,-2.103,2,0
3.41,1.485,1,1
-3.361,-1.042,2,0
1.689,2.528,1,1
1.453,1.828,1,0
3.85,2.646,1,1
-0.562,-0.731,2,1
0.014,2.297,1,0
3.168,1.105,1,1
2.633,2.23,1,1
-2.215,-1.198,2,0
-3.234,-2.26,2,0
3.404,2.404,1,1
-1.817,-2.806,2,1
-2.53,-1.659,2,0
-2.035,-3.765,2,1
-1.81,-1.957,2,1
3.502,1.872,1,1
-2.774,-3.825,2,1
-0.059,1.921,1,0
0.342,-2.306,2,1
1.188,2.417,1,0
2.999,2.657,1,1
-1.742,-3.857,2,1
-1.472,-0.684,2,0
-3.38,-1.176,2,0
1.956,2.271,1,1
-1.936,-2.642,2,1
2.106,2.523,1,1
3.43,3.469,1,1
1.746,1.605,1,0
3.831,2.021,1,1
-0.324,-0.711,2,1
-2.875,-2.029,2,0
-0.557,-1.27,2,1
3.08,2.976,1,1
2.773,0.854,1,0
-1.503,-2.24,2,1
-1.1,-1.963,2,1
1.359,2.387,1,0
-0.471,2.516,1,0
-2.665,-2.323,2,0
-1.702,-2.824,2,1
-2.317,-1.806,2,0
-2.623,-3.143,2,1
3.239,1.682,1,1
3.244,1.79,1,1
3.105,1.906,1,1
-0.404,-3.37,2,1
1.712,2.619,1,1
-2.501,-1.785,2,0
1.045,0.836,1,0
-1.336,-2.209,2,1
1.403,3.255,1,1
0.531,1.015,1,0
2.971,2.868,1,1
-2.056,-2.525,2,1
2.509,2.943,1,1
-0.583,1.754,1,0
1.685,2.103,1,0
1.553,1.956,1,0
-3.726,-0.504,2,0
-2.96,-2.165,2,0
1.439,3.235,1,1
-2.947,-2.332,2,0
1.711,0.601,1,0
3.591,2.235,1,1
-1.741,-3.571,2,1
-0.826,-4.354,2,1
-1.62,-1.679,2,1
-0.194,-1.325,2,1
-2.581,-3.038,2,1
-3.334,-1.781,2,0
-2.212,-1.279,2,0
-2.373,-0.288,2,0
-2.745,-2.306,2,0
1.586,1.227,1,0
-3.816,-2.41,2,0
0.285,3.17,1,0
0.926,1.806,1,0
-0.47,-3.07,2,1
-1.955,-1.481,2,0
-0.751,-1.793,2,1
4.667,2.23,1,1
-1.123,-0.982,2,0
1.594,1.272,1,0
-2.212,-0.65,2,0
-0.018,2.315,1,0
2.013,2.129,1,1
1.523,3.066,1,1
-1.143,-1.03,2,0
1.604,0.776,1,0
1.266,3.519,1,1
-2.894,-3.804,2,1
-1.898,-1.083,2,0
-2.555,-0.208,2,0
2.419,2.051,1,1
-3.932,-0.96,2,0
3.34,3.204,1,1
-1.341,-3.076,2,1
-1.178,-2.45,2,1
-3.584,-1.562,2,0
-1.743,-1.675,2,0
0.929,3.063,1,0
-1.758,-2.47,2,1
-1.667,-2.671,2,1
1.673,0.147,1,0
2.541,0.996,1,0
1.742,2.324,1,1
-2.237,-3.63,2,1
-1.388,-2.025,2,1
-1.54,-1.682,2,1
-2.688,-1.329,2,0
-1.758,-2.033,2,1
-2.601,-2.089,2,0
-0.956,-1.572,2,1
-1.838,-2.184,2,1
-2.132,-1.76,2,0
-0.133,-2.295,2,1
-1.75,-0.759,2,0
-1.14,-1.203,2,1
-0.147,-1.517,2,1
3.544,0.865,1,1
1.947,1.21,1,0
-1.394,-2.224,2,1
-3.1,-1.88,2,0
-3.308,-2.944,2,0
-2.387,-3.677,2,1
2.472,1.709,1,1
1.657,3.782,1,1
-1.923,-2.863,2,1
-2.846,-1.699,2,0
2.118,2.052,1,1
3.017,2.109,1,1
3.369,2.454,1,1
2.49,0.935,1,0
-0.704,-2.544,2,1
-2.387,-0.736,2,0
1.327,1.63,1,0
-1.573,-1.81,2,1
-2.684,-2.237,2,0
1.733,0.769,1,0
-1.612,-3.179,2,1
0.797,1.133,1,0
1.227,0.558,1,0
1.54,2.352,1,0
1.516,2.575,1,1
-1.381,-1.385,2,1
-3.507,-3.614,2,1
1.395,2.853,1,1
3.272,0.638,1,0
1.658,0.355,1,0
-0.891,-3.061,2,1
2.944,2.528,1,1
-0.253,-1.778,2,1
-2.503,-2.818,2,1
-1.842,-0.432,2,0
3.521,0.769,1,1
-2.051,-3.64,2,1
1.995,1.247,1,0
-2.166,-2.25,2,1
2.944,1.609,1,1
2.341,1.318,1,0
2.651,1.357,1,1
-2.013,-1.41,2,0
2.665,3.749,1,1
-1.645,-2.82,2,1
2.344,1.745,1,1
-3.68,-2.522,2,0
-0.409,-3.013,2,1
2.311,2.408,1,1
-1.937,-3.528,2,1
-0.434,-1.926,2,1
1.177,0.715,1,0
2.377,1.419,1,0
1.554,2.715,1,1
2.77,3.482,1,1
-1.75,-2.359,2,1
2.513,1.301,1,0
3.39,2.029,1,1
-1.88,-2.666,2,1
-1.34,-3.642,2,1
-0.3,-1.489,2,1
2.167,1.924,1,1
3.32,1.663,1,1
1.229,2.832,1,1
1.012,0.214,1,0
-4.029,-3.204,2,0
0.344,-2.628,2,1
-1.804,-1.558,2,0
0.916,1.152,1,0
-1.956,-1.082,2,0
0.602,3.166,1,0
2.85,1.019,1,0
1.805,1.243,1,0
1.044,2.444,1,0
1.727,0.685,1,0
-0.921,-1.996,2,1
3.8,3.041,1,1
3.271,1.261,1,1
1.73,1.815,1,0
2.856,3.21,1,1
1.384,1.884,1,0
2.001,2.836,1,1
-1.809,-1.212,2,0
2.651,3.39,1,1
-0.018,1.565,1,0
-0.998,-2.19,2,1
1.43,2.221,1,0
-0.62,-1.183,2,1
3.309,2.781,1,1
-1.437,-2.073,2,1
1.813,0.479,1,0
1.091,2.066,1,0
1.805,0.25,1,0
1.783,3.734,1,1
-1.572,-2.436,2,1
0.144,-0.052,1,0
-2.63,-1.66,2,0
-2.911,-2.543,2,0
-1.619,-0.475,2,0
1.559,1.736,1,0
1.447,3.866,1,1
2.623,1.698,1,1
0.954,0.594,1,0
-1.453,-2.099,2,1
-1.705,-2.242,2,1
1.747,1.468,1,0
-3.033,-1.211,2,0
-0.618,-2.982,2,1
1.733,2.175,1,0
-2.308,-1.07,2,0
-2.205,-1.656,2,0
1.492,2.857,1,1
-2.9,-0.551,2,0
1.772,1.369,1,0
2.824,1.298,1,1
-2.519,-1.924,2,0
3.414,0.803,1,1
2.822,1.568,1,1
-1.811,-2.531,2,1
-0.286,0.961,1,0
-2.159,-3.104,2,1
1.46,1.987,1,0
-3.939,-2.034,2,0
-1.589,-1.972,2,1
-2.332,-1.608,2,0
-2.188,-1.946,2,0
-2.521,-1.012,2,0
-0.935,-2.91,2,1
0.376,2.595,1,0
4.402,1.368,1,1
0.606,3.675,1,1
1.981,2.856,1,1
-1.801,-2.313,2,1
1.58,1.702,1,0
-2.524,-1.57,2,0
-0.894,-0.963,2,1
3.024,0.939,1,0
-1.174,-1.57,2,1
-1.808,-0.971,2,0
-1.102,-3.328,2,1
3.814,3.354,1,1
-1.85,-1.838,2,0
-2.772,-4.149,2,1
-1.486,-3.196,2,1
0.026,2.33,1,0
3.132,1.754,1,1
-1.976,-1.79,2,0
-2.416,-1.122,2,0
2.97,1.018,1,0
3.779,0.681,1,1
-1.209,-1.407,2,1
2.403,2.671,1,1
4.067,1.009,1,1
1.743,1.046,1,0
3.133,1.666,1,1
-1.325,-1.267,2,0
0.307,1.33,1,0
3.069,0.62,1,0
3.313,3.751,1,1
-2.581,-0.635,2,0
-2.483,-1.971,2,0
0.972,1.655,1,0
-2.227,-2.816,2,1
2.605,2.614,1,1
-1.325,-1.19,2,0
2.854,2.581,1,1
-3.151,-1.244,2,0
-0.369,-2.407,2,1
-3.03,-2.169,2,0
1.85,1.398,1,0
2.294,0.84,1,0
1.693,2.277,1,0
-1.671,-2.401,2,1
-2.417,-0.363,2,0
2.135,0.502,1,0
-0.339,-2.441,2,1
-0.843,-1.846,2,1
1.275,1.778,1,0
0.965,2.472,1,0
-2.108,-2.627,2,1
0.05,-2.135,2,1
-4.064,-2.129,2,0
1.995,0.687,1,0
2.74,1.351,1,1
-0.463,-1.772,2,1
-1.685,-1.691,2,1
-3.197,0.695,2,0
3.057,2.997,1,1
-1.462,-2.384,2,1
-2.78,-1.997,2,0
3.926,4.18,1,1
-0.872,-2.296,2,1
-3.6,-0.59,2,0
0.875,1.002,1,0
2.835,3.825,1,1
-2.553,-3.077,2,1
-2.084,-3.837,2,1
4.348,1.925,1,1
-2.756,0.043,2,0
-1.905,-1.044,2,0
1.679,-0.447,1,0
-1.259,-1.844,2,1
3.983,0.543,1,1
1.571,-0.94,1,0
-1.567,-2.354,2,1
-2.359,-1.246,2,0
-2.795,-1.769,2,0
-2.895,-0.289,2,0
-3.023,-2.461,2,0
1.627,2.218,1,0
1.517,4.441,1,1
2.615,0.998,1,0
3.36,2.576,1,1
2.276,4.124,1,1
0.369,1.394,1,0
-1.523,-1.731,2,1
-0.657,-2.84,2,1
-0.822,-0.475,2,0
1.946,0.524,1,0
-0.774,-2.747,2,1
-0.918,-1.44,2,1
1.751,1.483,1,0
-0.573,-0.756,2,1
0.537,2.903,1,0
-2.099,-1.549,2,0
2.08,1.575,1,0
-1.814,-0.525,2,0
2.645,1.726,1,1
3.126,2.801,1,1
-3.149,-1.984,2,0
0.517,1.818,1,0
1.011,1.875,1,0
-2.527,-0.823,2,0
1.737,2.053,1,0
0.184,1.854,1,0
3.115,1.025,1,1
-1.783,-1.744,2,0
-2.918,-3.146,2,1
2.453,2.557,1,1
0.555,2.992,1,0
-2.098,-3.95,2,1
-2.584,-2.621,2,1
1.479,1.453,1,0
-3.263,-2.023,2,0
-2.714,-2.403,2,0
2.669,0.101,1,0
-2.363,-2.145,2,0
-3.31,-2.876,2,0
2.327,2.899,1,1
0.137,3.043,1,0
-0.993,-3.377,2,1
-3.159,-1.51,2,0
-0.882,-2.536,2,1
-1.859,-1.692,2,0
-3.184,-2.7,2,0
-1.634,-3.546,2,1
1.735,2.438,1,1
-1.127,-2.301,2,1
-1.813,-1.728,2,0
-2.516,-2.021,2,0
-1.616,-2.008,2,1
0.936,2.582,1,0
0.382,-2.34,2,1
-1.239,-1.944,2,1
-1.26,-1.204,2,0
1.989,1.585,1,0
-1.769,-4.163,2,1
2.25,-0.078,1,0
1.961,2.145,1,1
1.786,1.685,1,0
2.647,1.306,1,0
3.832,1.866,1,1
3.907,2.667,1,1
0.933,0.469,1,0
2.417,0.549,1,0
2.38,2.144,1,1
-4.533,-1.887,2,0
2.668,0.182,1,0
1.426,0.833,1,0
1.394,3.584,1,1
-2.316,-0.865,2,0
-0.983,-3.591,2,1
-1.396,-3.14,2,1
0.691,0.982,1,0
1.499,1.675,1,0
3.252,1.07,1,1
-2.013,-1.591,2,0
2.012,2.519,1,1
-1.13,-0.963,2,0
2.407,3.41,1,1
1.073,1.437,1,0
2.799,2.299,1,1
-2.697,-1.605,2,0
1.308,1.183,1,0
-1.809,-1.17,2,0
-2.654,-3.925,2,1
0.058,0.454,2,0
1.763,0.556,1,0
-2.643,-3.196,2,1
3.033,2.825,1,1
1.819,3.446,1,1
1.776,2.073,1,0
-3.405,-1.406,2,0
1.635,0.689,1,0
-1.767,-3.179,2,1
0.491,2.158,1,0
1.007,1.669,1,0
0.979,1.595,1,0
-1.999,-1.582,2,0
-2.428,-3.321,2,1
-2.674,-3.128,2,1
-0.876,-2.897,2,1
2.301,-0.121,1,0
1.854,2.64,1,1
2.758,0.985,1,0
-2.017,-0.638,2,0
2.362,1.185,1,0
0.545,-2.746,2,1
2.058,2.584,1,1
2.812,3.814,1,1
3.805,2.398,1,1
0.932,1.987,1,0
-2.785,-2.96,2,1
1.753,2.659,1,1
2.095,2.383,1,1
1.434,2.46,1,0
-2.089,-2.491,2,1
-3.586,-4.274,2,1
1.735,4.062,1,1
1.259,4.924,1,1
-3.39,-1.933,2,0
3.821,3.91,1,1
-2.548,-2.758,2,1
2.362,0.991,1,0
3.519,1.404,1,1
1.484,1.474,1,0
-2.503,-0.712,2,0
-2.782,-1.207,2,0
-2.692,-0.689,2,0
-2.388,-2.576,2,1
-1.389,-1.679,2,1
2.322,4.234,1,1
0.879,0.904,1,0
2.632,1.962,1,1
-2.858,-1.54,2,0
-1.397,-2.838,2,1
-2.261,-2.332,2,1
-1.807,-1.348,2,0
-1.956,-2.468,2,1
-0.365,-2.044,2,1
-1.744,-1.298,2,0
4.007,4.051,1,1
-2.546,-2.473,2,0
2.729,1.729,1,1
2.721,1.292,1,1
3.867,0.22,1,1
-1.775,-0.71,2,0
3.843,1.296,1,1
1.733,2.842,1,1
2.309,1.319,1,0
1.504,2.089,1,0
1.752,2.883,1,1
3.914,2.905,1,1
0.823,1.737,1,0
2.819,0.645,1,0
0.469,-0.721,2,1
1.12,1.855,1,0
-3.252,-3.558,2,1
2.932,1.824,1,1
2.931,2.068,1,1
-2.098,-2.688,2,1
4.197,2.586,1,1
-0.432,1.379,1,0
1.57,1.926,1,0
4.433,2.72,1,1
-2.791,-3.369,2,1
2.795,3.278,1,1
0.741,2.977,1,0
-4.303,-1.168,2,0
-2.135,-1.805,2,0
-2.107,-1.131,2,0
-3.826,-0.947,2,0
-1.956,-3.999,2,1
1.72,4.483,1,1
-2.426,-1.699,2,0
2.015,1.549,1,0
-3.145,-3.103,2,0
-2.656,-2.583,2,0
1.724,3.291,1,1
-1.846,-0.726,2,0
-0.57,-2.546,2,1
-0.918,-1.968,2,1
2.741,2.134,1,1
-1.303,-1.979,2,1
2.618,2.102,1,1
-1.636,-2.14,2,1
0.941,1.092,1,0
-1.674,-1.28,2,0
-1.823,-2.226,2,1
2.369,3.323,1,1
1.473,1.695,1,0
-1.843,-1.56,2,0
-1.766,-2.681,2,1
0.659,1.057,1,0
1.941,1.75,1,0
-2.486,-1.374,2,0
1.936,2.566,1,1
-1.684,-2.391,2,1
-1.793,-2.318,2,1
-0.515,2.981,1,0
-1.26,-2.683,2,1
1.804,3.292,1,1
2.426,0.842,1,0
-2.34,-1.038,2,0
1.272,2.413,1,0
-1.255,-2.051,2,1
3.162,3.553,1,1
2.954,2.823,1,1
-3.453,-0.779,2,0
1.466,2.185,1,0
-2.917,-1.477,2,0
-1.996,-2.856,2,1
-1.619,-0.791,2,0
-0.732,-1.731,2,1
2.613,1.743,1,1
2.219,2.108,1,1
-4.285,-2.923,2,0
2.611,1.251,1,0
1.803,1.37,1,0
-1.385,-0.973,2,0
3.068,2.852,1,1
2.048,0.771,1,0
2.864,1.848,1,1
-2.342,-1.814,2,0
1.563,2.935,1,1
-2.583,-3.885,2,1
2.815,1.434,1,1
2.982,0.95,1,0
-0.728,-1.656,2,1
1.62,2.628,1,1
2.593,4.253,1,1
0.829,2.374,1,0
2.066,1.042,1,0
-1.262,-1.355,2,1
-2.494,-4.294,2,1
-3.09,-2,2,0
2.136,3.623,1,1
-3.765,-2.463,2,0
0.86,3.011,1,0
-1.306,-0.692,2,0
4.213,2.401,1,1
-2.499,-2.627,2,1
-2.207,-2.05,2,0
-2.319,-1.985,2,0
-2.717,-2.553,2,0
2.149,1.398,1,0
-1.11,0.763,2,0
0.488,2.622,1,0
1.604,1.952,1,0
3.883,1.735,1,1
0.118,-2.353,2,1
-1.193,-2.068,2,1
1.097,2.494,1,0
1.915,2.251,1,1
2.979,3.101,1,1
-0.753,-2.092,2,1
2.463,1.761,1,1
-2.125,-0.577,2,0
3.114,2.487,1,1
1.972,4.013,1,1
4.267,1.825,1,1
2.233,1.255,1,0
0.437,2.001,1,0
1.9,2.74,1,1
-1.936,-1.991,2,1
-2.033,-2.635,2,1
3.26,1.216,1,1
-3.234,-2.209,2,0
2.057,4.054,1,1
-0.698,-1.358,2,1
3.801,2.472,1,1
-2.124,-1.846,2,0
3.762,3.192,1,1
2.633,1.836,1,1
3.724,1.233,1,1
-2.978,-1.755,2,0
1.927,1.789,1,0
1.757,0.399,1,0
-2.902,-1.65,2,0
4.562,0.199,1,1
-3.962,-1.549,2,0
-2.652,-3.56,2,1
-2.56,-1.35,2,0
1.11,0.611,1,0
-2.444,-2.013,2,0
-1.037,0.428,2,0
-3.86,-1.884,2,0
-1.415,-1.185,2,0
2.254,1.727,1,0
-1.689,-3.142,2,1
-1.901,-1.997,2,1
3.562,3.022,1,1
2.832,2.075,1,1
-2.407,-3.564,2,1
-1.586,-1.554,2,0
1.887,1.067,1,0
2.804,1.827,1,1
1.917,3.32,1,1
-1.447,-1.518,2,1
0.825,0.7,1,0
3.421,1.439,1,1
1.472,2.036,1,0
0.587,3.792,1,1
-1.029,-1.268,2,1
-2.41,-0.804,2,0
-0.957,-1.124,2,1
-1.462,-2.071,2,1
1.629,2.634,1,1
-0.551,-2.438,2,1
-2.757,-2.922,2,1
-2.313,-2.606,2,1
-2.156,-3.139,2,1
-0.294,1.581,1,0
-1.631,-2.717,2,1
2.91,0.687,1,0
-1.26,-3.161,2,1
-2.468,-3.23,2,1
-3.206,-2.474,2,0
-3.356,-2.676,2,0
-2.52,0.747,2,0
-1.542,-2.452,2,1
0.947,3.615,1,1
0.683,3.149,1,0
-2.652,0.017,2,0
2.253,2.369,1,1
2.223,2.047,1,1
0.875,2.112,1,0
0.852,2.133,1,0
2.388,1.602,1,0
3.603,0.928,1,1
-1.266,-2.285,2,1
-1.921,-2.2,2,1
1.929,2.019,1,0
0.998,1.207,1,0
-0.875,-2.871,2,1
1.116,2.74,1,0
3.741,2.73,1,1
-2.362,-2.272,2,0
1.209,1.013,1,0
1.17,2.308,1,0
-1.61,-2.61,2,1
3.071,2.515,1,1
-0.654,-4.621,2,1
1.968,1.799,1,0
-1.311,-1.436,2,1
-3.249,-3.626,2,1
-0.836,-2.194,2,1
2.009,3.442,1,1
0.654,2.073,1,0
-1.035,-2.301,2,1
1.179,2.538,1,0
-0.708,0.813,1,0
-2.049,-0.893,2,0
-3.314,-0.42,2,0
-2.749,-2.063,2,0
-0.525,-1.45,2,1
-2.562,-2.097,2,0
2.79,3.33,1,1
2.612,1.653,1,1
0.996,0.106,1,0
0.869,1.778,1,0
0.787,1.556,1,0
2.304,3.097,1,1
-0.534,-1.055,2,1
-2.084,-3.156,2,1
-0.98,-2.198,2,1
0.376,1.968,1,0
1.042,2.641,1,0
1.364,2.482,1,0
-0.448,-2.487,2,1
2.856,0.704,1,0
2.074,0.619,1,0
2.536,1.064,1,0
-2.913,-2.047,2,0
-2.891,-2.595,2,0
-1.942,-2.307,2,1
1.858,1.263,1,0
3.556,1.931,1,1
1.92,2.487,1,1
2.396,2.393,1,1
0.739,1.998,1,0
2.55,1.486,1,1
-1.519,-2.212,2,1
2.615,2.484,1,1
-2.359,-2.591,2,1
1.204,3.61,1,1
-0.854,-2.536,2,1
1.348,2.825,1,1
-3.183,-1.832,2,0
-2.738,-4.33,2,1
1.572,0.052,1,0
1.565,2.228,1,0
-2.201,-2.19,2,0
