"ID","Titulo","Autores","Anio","Tipo_Publicacion","Revista_Conferencia","Palabras_Clave","Tema_Relacionado","ID_Ecuacion_Origen","Objetivo_Estudio","Metodologia_Utilizada","Principales_Resultados","Relacion_Tema","DOI","URL_Scholar","Nivel_Pertinencia","Observaciones","Nivel_Pertinencia_Auto","Incluido_Revision","Criterio_Decision"
"DOC_PRED_001","Time Series Analysis: Forecasting and Control","George E. P. Box, Gwilym M. Jenkins, Gregory C. Reinsel, Greta M. Ljung",2015,"Libro / Capítulo","John Wiley & Sons, 5th Edition, ISBN: 978-1118675915","time series analysis, ARIMA, forecasting, stochastic modeling, seasonal adjustment","06_prediccion","PRED-001","Establecer la metodología canónica de modelado predictivo autoregresivo integrado de medias móviles (Box-Jenkins).","Ciclo formal de identificación (ACF/PACF), estimación de parámetros, verificación de diagnóstico y pronóstico estocástico.","Desarrollo del marco matemático de predicción con intervalos de confianza mínimos en varianza.","La obra clásica más influyente en la historia de la predicción de series temporales.","10.1002/9781118619193","https://scholar.google.com/scholar?q=Time+Series+Analysis+Forecasting+and+Control+Box+Jenkins","Alta","La 'Biblia' de la predicción cuantitativa temporal.","Alta",TRUE,"Cumple rigor metodológico, fuente arbitrada de alto impacto y autoría académica verificable."
"DOC_PRED_002","Automatic Time Series Forecasting: The forecast Package for R","Rob J. Hyndman, Yeasmin Khandakar",2008,"Artículo de Revista","Journal of Statistical Software, Vol. 27, No. 3, pp. 1-22","forecasting, time series, ARIMA, exponential smoothing, R package, automated modeling","06_prediccion","PRED-002","Diseñar e implementar algoritmos de selección automática de modelos de pronóstico (ETS y auto.arima) en R.","Optimización basada en criterios de información (AICc) y pruebas de raíces unitarias.","Implementación del paquete estándar de la industria `forecast`, permitiendo modelación robusta y reproducible.","Pilar computacional directo para la implementación de predicción en R.","10.18637/jss.v027.i03","https://scholar.google.com/scholar?q=Automatic+time+series+forecasting+the+forecast+package+for+R+Hyndman","Alta","El artículo computacional más influyente para predicción práctica en el ecosistema de R.","Alta",TRUE,"Cumple rigor metodológico, fuente arbitrada de alto impacto y autoría académica verificable."
"DOC_PRED_003","Another Look at Measures of Forecast Accuracy","Rob J. Hyndman, Anne B. Koehler",2006,"Artículo de Revista","International Journal of Forecasting, Vol. 22, No. 4, pp. 679-688","forecast accuracy, MASE, MAPE, RMSE, evaluation metrics, time series","06_prediccion","PRED-003","Analizar los defectos de las métricas clásicas de error predictivo (MAPE, MSE) y proponer una métrica universal escalada (MASE).","Evaluación teórica y numérica frente a ceros, asimetrías y cambios de escala.","Formalización del Mean Absolute Scaled Error (MASE) como medida estándar independiente de escala y libre de singularidades.","Marco metodológico para la evaluación rigurosa de errores de predicción.","10.1016/j.ijforecast.2006.03.001","https://scholar.google.com/scholar?q=Another+look+at+measures+of+forecast+accuracy+Hyndman","Alta","Artículo de referencia para selección y justificación de métricas predictivas.","Alta",TRUE,"Cumple rigor metodológico, fuente arbitrada de alto impacto y autoría académica verificable."
"DOC_PRED_004","Introduction to Time Series and Forecasting","Peter J. Brockwell, Richard A. Davis",2016,"Libro / Capítulo","Springer Texts in Statistics, 3rd Edition, DOI: 10.1007/978-3-319-29854-2","Box-Jenkins, SARIMA, stationarity, spectral analysis, ARMA models","06_prediccion","PRED-004","Proveer una fundamentación matemática y computacional de procesos lineales estacionarios y estacionales SARIMA.","Operadores de retardo polinomiales, funciones de autocovarianza y filtrado en el dominio de la frecuencia.","Formulación completa de modelos estacionales multiplicativos y algoritmos de predicción recursiva de Durbin-Levinson.","Tratado canónico para la modelación y predicción con modelos SARIMA.","10.1007/978-3-319-29854-2","https://scholar.google.com/scholar?q=Introduction+to+Time+Series+and+Forecasting+Brockwell+Davis","Alta","Texto universitario rector en modelación matemática de series de tiempo.","Alta",TRUE,"Cumple rigor metodológico, fuente arbitrada de alto impacto y autoría académica verificable."
"DOC_PRED_005","Forecasting Seasonals and Trends by Exponentially Weighted Moving Averages","Charles C. Holt",2004,"Artículo de Revista","International Journal of Forecasting, Vol. 20, No. 1, pp. 5-10","exponential smoothing, Holt-Winters, trend, seasonality, moving averages","06_prediccion","PRED-005","Presentar la formulación de las ecuaciones de actualización de nivel y tendencia mediante ponderación exponencial recursiva.","Derivación analítica de la técnica de suavizamiento bi-paramétrico y extensión hacia factores estacionales.","Creación del método Holt-Winters que sustenta el modelado predictivo del Tema 6 en este proyecto.","Artículo fundacional directo del modelo Holt-Winters implementado en el script del Tema 6.","10.1016/j.ijforecast.2003.09.015","https://scholar.google.com/scholar?q=Forecasting+seasonals+and+trends+by+exponentially+weighted+moving+averages+Holt","Alta","Reimpresión histórica formal del reporte técnico original de 1957 de la Universidad Carnegie Mellon.","Alta",TRUE,"Cumple rigor metodológico, fuente arbitrada de alto impacto y autoría académica verificable."
"DOC_PRED_006","Long Short-Term Memory","Sepp Hochreiter, Jürgen Schmidhuber",1997,"Artículo de Revista","Neural Computation, Vol. 9, No. 8, pp. 1735-1780","LSTM, recurrent neural networks, time series prediction, sequence modeling, deep learning","06_prediccion","PRED-006","Resolver el problema del desvanecimiento del gradiente en redes recurrentes mediante celdas de memoria con compuertas.","Diseño de compuertas de entrada, olvido y salida con carrusel de error constante (CEC).","Capacidad demostrada de aprender dependencias temporales a través de más de 1000 pasos temporales.","El pilar fundamental de las redes neuronales para predicción secuencial y series de tiempo complejas.","10.1162/neco.1997.9.8.1735","https://scholar.google.com/scholar?q=Long+Short-Term+Memory+Hochreiter+Schmidhuber","Alta","Uno de los artículos más influyentes y citados de toda la inteligencia artificial (>70,000 citas).","Alta",TRUE,"Cumple rigor metodológico, fuente arbitrada de alto impacto y autoría académica verificable."
"DOC_PRED_007","Informer: Beyond Efficient Transformer for Long Sequence Time-Series Forecasting","Haoyi Zhou, Shanghang Zhang, Jieqi Peng, Shuai Zhang, Jianxin Li, Hui Xiong, Wancai Zhang",2021,"Conferencia Arbitrada","Proc. of the AAAI Conf. on Artificial Intelligence, Vol. 35, No. 12, pp. 11106-11115","temporal transformers, Informer, long sequence forecasting, self-attention, time series","06_prediccion","PRED-007","Reducir la complejidad cuadrática de la autoatención en Transformers para posibilitar el pronóstico de series temporales muy extensas.","Mecanismo ProbSparse attention de complejidad O(L log L) y decodificador generativo en un solo paso.","Mejora sustancial en precisión predictiva a largo plazo en benchmarks de consumo eléctrico y tráfico.","Representa el estado del arte de la arquitectura Transformer en predicción temporal.","10.1609/aaai.v35i12.17325","https://scholar.google.com/scholar?q=Informer+beyond+efficient+transformer+Zhou","Alta","Premio al Mejor Artículo (Outstanding Paper Award) en AAAI 2021.","Alta",TRUE,"Cumple rigor metodológico, fuente arbitrada de alto impacto y autoría académica verificable."
"DOC_PRED_008","Macroeconomics and Reality","Christopher A. Sims",1980,"Artículo de Revista","Econometrica, Vol. 48, No. 1, pp. 1-48","vector autoregression, VAR, multivariate forecasting, impulse response, cointegration","06_prediccion","PRED-008","Introducir los modelos de vectores autorregresivos (VAR) como alternativa no restringida a los sistemas macroeconométricos tradicionales.","Tratamiento simétrico de múltiples series temporales endógenas y descomposición de Cholesky de innovaciones.","Creación del estándar mundial de pronóstico multivariado y análisis de respuesta al impulso.","Fundamento teórico de la predicción simultánea multivariada en series de tiempo.","10.2307/1912017","https://scholar.google.com/scholar?q=Macroeconomics+and+reality+Sims","Alta","Trabajo que le valió a Christopher Sims el Premio Nobel de Economía en 2011.","Alta",TRUE,"Cumple rigor metodológico, fuente arbitrada de alto impacto y autoría académica verificable."
"DOC_PRED_009","Probabilistic Forecasting","Tilmann Gneiting, Matthias Katzfuss",2014,"Artículo de Revista","Annual Review of Statistics and Its Application, Vol. 1, pp. 125-151","probabilistic forecasting, prediction intervals, proper scoring rules, CRPS, uncertainty","06_prediccion","PRED-009","Sintetizar la transición de pronósticos puntuales hacia la estimación de distribuciones de probabilidad completas.","Reglas de puntuación adecuadas (Proper Scoring Rules), CRPS y calibración de bandas de predicción.","Establecimiento del principio de maximización de la agudeza sujeto a calibración estocástica.","Justifica el cálculo y graficación de intervalos de predicción al 95% en el Tema 6.","10.1146/annurev-statistics-062713-085831","https://scholar.google.com/scholar?q=Probabilistic+forecasting+Gneiting+Katzfuss","Alta","Revisión canónica sobre cuantificación de la incertidumbre en predicción.","Alta",TRUE,"Cumple rigor metodológico, fuente arbitrada de alto impacto y autoría académica verificable."
"DOC_PRED_010","Principles of Forecasting: A Handbook for Researchers and Practitioners","J. Scott Armstrong",2001,"Libro / Capítulo","Springer Science+Business Media, DOI: 10.1007/978-0-306-47630-3","forecasting principles, forecast evaluation, benchmark, methodology guidelines","06_prediccion","PRED-010","Compilar 139 principios empíricamente validados para la selección, ejecución y evaluación de métodos de pronóstico.","Meta-análisis comprehensivo de la literatura de predicción en economía, clima y operaciones.","Guía definitiva sobre cómo estructurar modelos sencillos, combinar predicciones y evitar sesgos de ajuste retrospectivo.","Manual rector sobre directrices metodológicas en predicción cuantitativa.","10.1007/978-0-306-47630-3","https://scholar.google.com/scholar?q=Principles+of+Forecasting+Armstrong","Alta","El manual de referencia más exhaustivo en directrices de predicción aplicada.","Alta",TRUE,"Cumple rigor metodológico, fuente arbitrada de alto impacto y autoría académica verificable."
"DOC_PRED_011","The M4 Competition: Results, Findings, Problems and Ways Forward","Spyros Makridakis, Evangelos Spiliotis, Vassilios Assimakopoulos",2018,"Artículo de Revista","International Journal of Forecasting, Vol. 34, No. 4, pp. 802-808","M4 competition, forecasting benchmarks, hybrid methods, machine learning, accuracy metrics","06_prediccion","PRED-011","Evaluar el rendimiento comparativo de cientos de métodos de predicción sobre 100,000 series de tiempo reales.","Competición empírica a ciegas evaluada con métricas OWA, SMAPE y MASE.","Confirmación de que los modelos híbridos (combinando estadísticas clásicas con redes) superaron ampliamente a los métodos individuales.","Benchmark empírico más grande del mundo sobre el desempeño de modelos predictivos.","10.1016/j.ijforecast.2018.06.001","https://scholar.google.com/scholar?q=The+M4+Competition+results+findings+Makridakis","Alta","Estudio de referencia mundial para la justificación de arquitecturas predictivas.","Alta",TRUE,"Cumple rigor metodológico, fuente arbitrada de alto impacto y autoría académica verificable."
"DOC_PRED_012","Generalized Autoregressive Conditional Heteroskedasticity","Tim Bollerslev",1986,"Artículo de Revista","Journal of Econometrics, Vol. 31, No. 3, pp. 307-327","GARCH, volatility forecasting, financial time series, heteroskedasticity, risk prediction","06_prediccion","PRED-012","Extender el modelo ARCH de Engle permitiendo que la varianza condicional dependa de sus propios rezagos pasados.","Modelación estocástica de series financieras con colas pesadas y agrupamiento de volatilidad (volatility clustering).","Formulación del modelo GARCH(p,q), estándar universal en predicción de riesgo y volatilidad bursátil.","Pilar central para la predicción de varianza y riesgo en mercados financieros.","10.1016/0304-4076(86)90063-1","https://scholar.google.com/scholar?q=Generalized+autoregressive+conditional+heteroskedasticity+Bollerslev","Alta","Uno de los artículos econométricos más citados de todos los tiempos (>35,000 citas).","Alta",TRUE,"Cumple rigor metodológico, fuente arbitrada de alto impacto y autoría académica verificable."
"DOC_PRED_013","Forecasting for Inventory Planning: A 50-Year Review","Aris A. Syntetos, John E. Boylan, Stephen M. Disney",2009,"Artículo de Revista","Journal of the Operational Research Society, Vol. 60, No. 1, pp. S149-S160","demand forecasting, inventory optimization, intermittent demand, supply chain, retail","06_prediccion","PRED-013","Revisar medio siglo de desarrollos en predicción de demanda intermitente y optimización de cadenas de suministro.","Meta-análisis comparando métodos de Croston, SBA y modelos causales en la minimización de roturas de stock.","Identificación de vínculos directos entre la precisión del pronóstico de demanda y el costo de mantenimiento de inventarios.","Referencia clásica para la aplicación de predicción cuantitativa en operaciones de retail y logística.","10.1057/jors.2008.173","https://scholar.google.com/scholar?q=Forecasting+for+inventory+planning+a+50-year+review+Syntetos","Alta","Revisión histórica de referencia en investigación operativa y supply chain.","Alta",TRUE,"Cumple rigor metodológico, fuente arbitrada de alto impacto y autoría académica verificable."
"DOC_PRED_014","The Quiet Revolution of Numerical Weather Prediction","Peter Bauer, Alan Thorpe, Gilbert Brunet",2015,"Artículo de Revista","Nature, Vol. 525, No. 7567, pp. 47-55","numerical weather prediction, NWP, climate forecasting, supercomputing, data assimilation","06_prediccion","PRED-014","Documentar el avance histórico del pronóstico numérico del tiempo impulsado por asimilación de datos satelitales.","Integración de dinámica de fluidos geofísicos con asimilación variacional quadridimensional (4D-Var).","Demostración de que la tasa de precisión a 5 días hoy iguala la precisión a 3 días de hace tres décadas.","La cúspide del modelado predictivo a gran escala en ciencias atmosféricas y del planeta.","10.1038/nature14956","https://scholar.google.com/scholar?q=The+quiet+revolution+of+numerical+weather+prediction+Bauer","Alta","Publicación de Nature que sintetiza el logro computacional de la meteorología moderna.","Alta",TRUE,"Cumple rigor metodológico, fuente arbitrada de alto impacto y autoría académica verificable."
"DOC_PRED_015","Nowcasting Is Not Just Forecasting: An Introduction","Jennifer L. Castle, Nicholas W. P. Fawcett, David F. Hendry",2009,"Artículo de Revista","National Institute Economic Review, Vol. 210, pp. 71-89","nowcasting, real-time prediction, high frequency data, macroeconomic nowcasting","06_prediccion","PRED-015","Formalizar la metodología de estimación del estado económico en tiempo real antes de la publicación de datos oficiales.","Modelos factoriales dinámicos con datos de frecuencias mixtas (flujos diarios vs estadísticas trimestrales).","Eliminación del retardo de información macroeconómica permitiendo decisiones monetarias oportunas.","Pilar metodológico para sistemas contemporáneos de predicción en tiempo presente (nowcasting).","10.1177/0027950109355375","https://scholar.google.com/scholar?q=Nowcasting+is+not+just+forecasting+Castle+Hendry","Alta","Artículo de referencia para bancos centrales y analítica económica en tiempo real.","Alta",TRUE,"Cumple rigor metodológico, fuente arbitrada de alto impacto y autoría académica verificable."
